symbol,sector,price,ma20,ma50,ma200,rsi,vol_ratio,cur_vol,vol_ma20,ret_1w,ret_1m,ret_3m,ret_6m,high_18m,low_18m,pos_18m,is_above_ma20,is_above_ma50,is_golden_cross,is_vol_breakout,bounce_from_low,has_fvg,has_displacement,macd_hist,total_score
BSR,Dầu khí,27650.0,25843.0,25202.2,23864.8,68.71008939974458,0.5372035726059504,4955100,9223877.6,1.6544117647058876,15.304420350291913,0.9492515516611899,-21.448863636363637,39160.0,8910.0,61.9504132231405,True,True,True,False,18.975903614457824,True,True,200.12788590661927,92.0
SSI,Dịch vụ tài chính,21250.0,19635.0,20246.0,22757.0,69.82968369829683,0.7064695953207802,14450600,20454666.55,8.974358974358964,15.614798694232856,-1.5291936978683918,-20.649738610903658,31530.0,14630.0,39.171597633136095,True,True,False,False,22.549019607843146,True,True,199.9709559163522,88.0
DPM,Hóa chất,22650.0,21917.5,21772.8,23563.2,55.69620253164557,0.5693635565758574,1424600,2502092.0,4.377880184331806,6.789250353606779,-3.821656050955413,-20.693277310924373,33520.0,14220.0,43.67875647668394,True,True,True,False,9.951456310679617,True,False,68.11578873845076,86.0
GAS,"Điện, Nước & Khí đốt",85700.0,75920.0,75810.0,82073.5,76.15894039735099,0.5931268919308054,844500,1423810.0,2.6347305389221587,27.910447761194025,4.257907542579065,-28.404344193817877,131500.0,47820.0,45.267686424474185,True,True,True,False,29.652042360060516,True,True,1319.384406694759,86.0
GEX,Hàng & Dịch vụ công nghiệp,26600.0,24422.5,26331.0,27994.0,62.96296296296296,0.3680715193723161,4441600,12067220.0,6.827309236947787,27.27272727272727,-14.193548387096778,7.3013311819281945,45310.0,11330.0,44.938198940553264,True,True,False,False,35.0253807106599,True,True,351.07266689390536,84.0
MBB,Ngân hàng,20950.0,19899.0,19883.4,20431.4,62.10937499999999,0.2995669414918527,3786900,12641248.0,5.012531328320802,13.55013550135502,6.129685916919958,-3.3225657591139823,23630.0,11690.0,77.55443886097152,True,True,True,False,17.82902137232847,True,False,113.82827644213603,84.0
GVR,Hóa chất,32850.0,30067.5,30832.0,32486.05,70.8133971291866,0.4784275260379696,1112100,2324490.0,2.6562500000000044,24.667931688804543,-5.057803468208089,-18.988902589395806,46500.0,21390.0,45.639187574671446,True,True,False,False,28.57142857142858,True,False,368.81882925108556,84.0
GEL,Xây dựng & Vật liệu,30550.0,28765.0,29030.0,32165.298507462685,61.42857142857143,0.2582457257546381,681300,2638185.0,5.344827586206891,28.631578947368432,-1.4516129032258074,-14.18539325842697,42600.0,22250.0,40.78624078624078,True,True,False,False,37.303370786516844,True,True,171.67615796703916,84.0
OIL,Dầu khí,14000.0,13300.0,13438.0,14082.5,66.66666666666666,1.4278509577987297,1670400,1169870.0,3.703703703703698,7.692307692307687,-4.109589041095896,-36.073059360730596,26100.0,7940.0,33.370044052863435,True,True,False,True,11.111111111111116,False,True,78.68317054314232,82.0
DXG,Bất động sản,11700.0,10942.5,11644.4,13417.25,61.76470588235294,0.48802227711221763,4653900,9536245.0,5.882352941176472,14.146341463414625,-8.949416342412453,-5.416329830234434,21490.0,9220.0,20.211898940505296,True,True,False,False,19.877049180327866,True,False,127.61761579479489,81.0
NVL,Bất động sản,13500.0,13337.5,12906.0,13159.0,52.17391304347826,0.1572143074382692,2468300,15700225.0,2.2727272727272707,4.247104247104239,2.195306585919754,30.183220829315328,19530.0,7330.0,50.57377049180328,True,True,True,False,9.756097560975618,True,False,-30.748280136917245,81.0
PLX,Dầu khí,38650.0,35340.5,35084.0,39979.85,72.03389830508475,0.5473955558528619,1649700,3013725.6,1.8445322793148922,22.4263541336712,3.0391895494534804,-38.12039705411463,67960.0,28910.0,24.94238156209987,True,True,True,False,25.487012987012992,True,True,438.4926743036285,81.0
MSR,Tài nguyên cơ bản,44900.0,39755.0,38330.0,36403.0,79.38144329896907,0.8531781770725357,1255200,1471205.0,5.89622641509433,23.691460055096414,16.020671834625322,3.218390804597693,57000.0,10400.0,74.0343347639485,True,True,True,False,28.65329512893984,True,False,601.0768386662958,81.0
HCM,Dịch vụ tài chính,26750.0,25537.5,24820.8,21843.4,64.86486486486487,0.39280806653448413,1704900,4340287.65,6.573705179282863,5.731225296442677,16.405570060922535,26.657196969696972,27350.0,15130.0,95.0900163666121,True,True,True,False,10.53719008264462,True,True,29.380502955844776,80.0
PVD,Dầu khí,19400.0,18325.0,18783.2,18674.65,66.66666666666666,1.0116226884490478,2862700,2829810.0,4.86486486486486,5.722070844686655,10.667427267541353,-23.380726698262244,27260.0,9730.0,55.162578436965205,True,True,False,False,9.915014164305958,True,False,125.77327029037593,79.0
MWG,Bán lẻ,74900.0,71835.0,73910.6,80078.1,62.50000000000001,0.12780084440143535,487000,3810616.45,2.8846153846153744,16.666666666666675,-2.359535914483113,-10.727056019070325,92960.0,44410.0,62.80123583934088,True,True,False,False,21.70945726356841,True,False,484.6754091478827,79.0
BID,Ngân hàng,37250.0,35775.0,36830.6,38586.85,66.47058823529412,0.3090550068088526,1246800,4034233.3,3.472222222222232,13.39421613394216,-3.447382063245208,-9.32327166504382,52370.0,28550.0,36.523929471032744,True,True,False,False,15.86314152410575,True,False,211.47227380704152,79.0
PVT,Hàng & Dịch vụ công nghiệp,20750.0,19185.0,19049.0,19222.65,74.6987951807229,0.25018345565745503,1024500,4094995.0,1.7156862745097978,24.624624624624623,5.921388463501787,-20.467612111920275,29730.0,12810.0,46.92671394799054,True,True,True,False,29.283489096573213,True,False,202.02959700595812,79.0
TCB,Ngân hàng,31650.0,30440.0,31332.0,32408.55,66.94915254237289,0.16593495355357862,2397400,14447830.0,2.593192868719618,11.05263157894736,-0.7836990595611271,0.3487634749524515,41130.0,21280.0,52.24181360201511,True,True,False,False,13.848920863309356,True,False,191.18999040940173,79.0
CTG,Ngân hàng,32100.0,31477.5,32031.4,34322.55,52.42718446601941,0.21405986465132953,1620200,7568910.7,1.7432646592709933,10.689655172413804,-3.7192561487702447,-9.957924263674611,42840.0,22830.0,46.326836581709145,True,True,False,False,13.0281690140845,True,False,89.10486222996124,79.0
HDB,Ngân hàng,27550.0,26512.5,26363.0,26241.35,63.07692307692307,0.42237672820266925,3963900,9384750.0,2.226345083487935,9.760956175298796,10.642570281124497,6.165703275529855,30000.0,13880.0,84.8014888337469,True,True,True,False,12.67893660531698,True,False,86.24325341486292,79.0
PVS,Dầu khí,37700.0,35035.0,36348.0,38031.6,75.0,0.5665641255103753,1266200,2234875.0,5.602240896358546,12.202380952380953,-0.2645502645502673,-26.078431372549016,56400.0,20000.0,48.62637362637363,True,True,False,False,18.181818181818187,True,True,451.00916373298145,78.0
DCM,Hóa chất,32100.0,31057.5,32041.2,35871.5,61.61616161616161,0.46800547494675104,959100,2049335.0,4.56026058631922,5.940594059405946,-12.366912366912363,-28.82483370288248,50010.0,22100.0,35.829451809387315,True,True,False,False,11.652173913043473,True,False,209.64017582122847,78.0
MSN,Thực phẩm & Đồ uống,70300.0,67395.0,68546.0,74867.0,59.047619047619044,0.3961289888161644,1588400,4009805.0,5.239520958083843,7.001522070015231,-3.9617486338797803,-6.640106241699872,94000.0,50300.0,45.766590389016024,True,True,False,False,11.234177215189867,True,False,476.22771963563645,77.0
VCB,Ngân hàng,59800.0,58570.0,59063.0,60630.25,48.684210526315795,0.4612684674578091,2126100,4609246.35,3.103448275862064,10.536044362292053,-2.111638566050089,-3.5172636334301344,78150.0,51200.0,31.910946196660483,True,True,False,False,12.195121951219523,True,False,88.83392019371598,76.0
FRT,Bán lẻ,143400.0,135535.0,124283.2,136916.35,63.660477453580896,0.04861106011763583,33100,680915.0,-1.1716057891109632,33.14763231197772,17.908238776517017,-5.302780162451293,172380.0,92270.0,63.82474098115092,True,True,True,False,37.88461538461539,True,False,182.64213936682336,76.0
VHM,Bất động sản,72600.0,71940.0,71773.0,60983.9,39.62264150943396,0.20242512970108265,1378600,6810419.25,4.9132947976878505,10.083396512509468,-0.01377220768489229,58.72321818976825,83440.0,18100.0,83.40985613712887,True,True,True,False,12.645461598138086,True,False,-49.424987142995235,73.0
FPT,Công nghệ thông tin,71900.0,69445.0,69594.0,81856.45,51.96078431372549,0.23827788515520204,1390000,5833525.0,4.202898550724643,14.126984126984121,-3.8770053475935873,-13.633633633633636,131310.0,61500.0,14.8975791433892,True,True,False,False,16.910569105691064,True,False,298.7781319106322,72.0
VNM,Thực phẩm & Đồ uống,63900.0,61465.0,58578.0,60253.5,78.2051282051282,0.16352203896918593,779400,4766330.0,2.898550724637672,7.214765100671139,12.618963694043007,4.4117647058823595,73110.0,45920.0,66.12725266642147,True,True,True,False,10.745233968804158,True,False,176.0756842341002,72.0
SHS,Dịch vụ tài chính,15900.0,15480.0,16864.0,18456.0,51.35135135135135,0.45225932885625997,4769000,10544835.0,8.163265306122458,6.000000000000005,-10.169491525423723,-19.289340101522846,30000.0,8540.0,34.29636533084809,True,False,False,False,22.307692307692317,True,True,105.88889054925306,71.0
MBS,Dịch vụ tài chính,18200.0,17406.5,18472.4,19522.35,59.21450151057402,0.3053721144050027,1458000,4774502.75,6.432748538011701,8.140225787284617,-1.8338727076591121,-15.857605177993527,31360.0,14550.0,21.713265913146937,True,False,False,False,21.820615796519416,True,True,124.06501822840374,71.0
DHG,Y tế,96000.0,94050.0,93354.0,95973.25,65.06024096385542,0.4699738903394256,4500,9575.0,2.673796791443861,4.918032786885251,2.127659574468077,-1.7902813299232712,104600.0,78070.0,67.58386732001507,True,True,True,False,6.077348066298338,True,False,69.55519493037662,70.0
AAA,Hóa chất,7140.0,7112.0,7033.6,7215.3,47.24409448818897,0.4509397874136174,533700,1183528.3,1.5647226173541862,4.692082111436946,6.726457399103136,-1.6528925619834656,8600.0,5890.0,46.125461254612546,True,True,True,False,7.36842105263158,True,False,-18.192332849632812,70.0
BAF,Thực phẩm & Đồ uống,32750.0,31132.5,30236.8,29711.1,70.0,0.5024374138165434,1034800,2059560.0,3.149606299212593,12.93103448275863,13.913043478260878,5.91849935316946,32830.0,21670.0,99.2831541218638,True,True,True,False,14.912280701754387,True,False,137.76815379532536,70.0
VND,Dịch vụ tài chính,17050.0,16587.5,17233.0,17414.0,51.515151515151516,0.4075317363521018,4061500,9966095.0,6.562500000000004,3.963414634146334,-0.5830903790087438,-7.185628742514972,26580.0,10600.0,40.36295369211514,True,False,False,False,14.429530201342278,True,True,52.037751084973166,68.0
ACB,Ngân hàng,22500.0,22297.5,22483.0,21192.3,50.74626865671642,0.09989333543231442,989900,9909570.0,3.9260969976905313,0.0,4.022191400832176,10.892065056678168,25420.0,14940.0,72.13740458015268,True,True,False,False,4.408352668213467,True,False,13.866655839142098,65.0
VCK,Dịch vụ tài chính,30600.0,30207.5,31542.0,32089.941176470587,42.857142857142854,0.34829839451440925,799000,2294010.0,4.615384615384621,6.9930069930070005,-4.968944099378891,-4.5539613225202835,38100.0,26310.0,36.38676844783715,True,False,False,False,11.475409836065564,True,True,94.08689386227786,65.0
VIX,Dịch vụ tài chính,14050.0,12893.0,14057.6,16837.3,60.51948051948052,0.6173939504441851,26404200,42767182.9,12.220447284345038,19.98292058070026,-15.208207604103807,-14.796846573681021,32530.0,6920.0,27.840687231550177,True,False,False,False,27.727272727272734,True,False,180.0953987887566,64.0
VCI,Dịch vụ tài chính,22450.0,21520.0,22600.0,25110.5,56.666666666666664,0.4402921353370409,4109700,9334030.0,6.146572104018921,13.959390862944154,-7.802874743326493,-24.613834788448617,35840.0,18150.0,24.30751837196156,True,False,False,False,23.691460055096414,True,False,146.41753580425365,64.0
HAX,Ô tô,9190.0,8911.5,9159.8,10226.2,69.31818181818181,0.03394762366634336,4200,123720.0,2.2246941045606317,12.073170731707329,-7.638190954773871,-16.07305936073059,18200.0,8140.000000000001,10.437375745526829,True,True,False,False,12.899262899262887,True,False,48.37874941938771,63.0
HHP,Tài nguyên cơ bản,15050.0,14612.0,14089.0,12647.2,59.761904761904766,0.2085384196217652,280900,1346994.0,0.33333333333334103,5.0977653631284925,12.481315396113612,15.325670498084287,16430.0,7240.0,84.98367791077258,True,True,True,False,12.062546537602392,True,False,29.716631368360368,63.0
VSC,Hàng & Dịch vụ công nghiệp,15600.0,14447.5,15973.0,20620.0,59.25925925925925,0.46352819072173457,5055600,10906780.0,7.216494845360821,19.999999999999996,-18.961038961038955,-39.29961089494164,38650.0,10830.0,17.14593817397556,True,False,False,False,25.806451612903224,True,True,231.99782313573735,62.0
VTP,Hàng & Dịch vụ công nghiệp,54600.0,51910.0,52388.0,59861.6,67.6829268292683,0.16733507665985112,137900,824095.0,-2.500000000000002,21.875,-2.4651661307609873,-13.415794481446241,108280.0,43400.0,17.26263871763255,True,True,False,False,25.806451612903224,True,False,417.6364197896785,62.0
DIG,Bất động sản,11100.0,10623.0,11518.0,14840.75,58.33333333333333,0.25378881475990445,1972000,7770240.0,4.716981132075482,11.44578313253013,-13.953488372093027,-19.272727272727273,25100.0,9350.0,11.11111111111111,True,False,False,False,18.71657754010696,True,False,97.71241726916043,59.0
SHB,Ngân hàng,12050.0,11722.5,12542.0,14579.1,58.62068965517242,0.31605119368078066,15762900,49874515.0,3.87931034482758,5.701754385964919,-11.397058823529417,-19.827012641383902,19170.0,7610.0,38.4083044982699,True,False,False,False,8.558558558558559,True,False,81.51333248053737,59.0
VRE,Bất động sản,25400.0,24710.0,25751.6,28597.3,41.37931034482759,0.21729684972492178,1272800,5857425.0,4.098360655737698,19.2488262910798,-15.16366065464262,-2.60736196319018,43650.0,15550.0,35.05338078291815,True,False,False,False,21.53110047846889,True,False,142.42424920427635,58.0
CII,Xây dựng & Vật liệu,14700.0,13975.0,15386.0,18726.25,60.273972602739725,0.3374345511629148,2781500,8243080.0,2.4390243902439046,13.076923076923075,-11.178247734138969,-9.259259259259256,31350.0,9020.0,25.436632333184058,True,False,False,False,20.98765432098766,True,False,191.57020812152734,58.0
PNJ,Hàng cá nhân & Gia dụng,42650.0,35615.0,46045.0,63078.45,72.22222222222221,0.0668643002374707,430800,6442900.0,21.6833095577746,30.627871362940272,-34.38461538461538,-44.85389190587018,84670.0,30250.0,22.785740536567438,True,False,False,False,40.99173553719009,True,False,1536.7840540170255,58.0
KDH,Bất động sản,18150.0,17755.0,19429.0,25890.75,52.112676056338024,0.3823319400630083,1812500,4740645.0,2.5423728813559254,7.079646017699126,-20.915032679738566,-32.14953271028037,38100.0,16200.0,8.904109589041095,True,False,False,False,12.037037037037045,True,False,146.65205405072732,57.0
PDR,Bất động sản,12350.0,11930.0,13175.0,16643.75,57.142857142857146,0.24949508228986236,1622600,6503535.0,2.4896265560165887,7.391304347826089,-19.01639344262295,-21.086261980830667,27200.0,10400.0,11.607142857142858,True,False,False,False,18.75,True,False,137.41392830062682,57.0
STB,Ngân hàng,75200.0,73475.0,72498.0,63792.0,55.04587155963303,0.08862234480399389,248700,2806290.0,0.0,3.724137931034477,12.912912912912923,15.870570107858239,76800.0,32400.0,96.3963963963964,True,True,True,False,5.915492957746471,True,False,108.75051310519495,56.0
HSG,Tài nguyên cơ bản,10950.0,10745.0,11154.0,11950.1,53.846153846153854,0.7463048772479793,1307000,1751295.0,3.301886792452824,4.784688995215314,-9.50413223140496,-5.112651646447142,16309.999999999998,9540.0,20.827178729689813,True,False,False,False,12.886597938144329,True,False,45.500520923324245,55.0
HPG,Tài nguyên cơ bản,22000.0,21707.5,22298.0,23667.9,47.368421052631575,0.2940178739470397,6444100,21917375.0,4.761904761904767,4.761904761904767,-7.1729957805907185,-9.576654336210444,27540.0,15850.0,52.609067579127455,True,False,False,False,9.45273631840795,True,False,53.044248112084574,54.0
NLG,Bất động sản,24050.0,22475.0,24112.0,27959.6,77.5,0.12574898567858775,304200,2419105.0,2.3404255319148914,16.747572815533985,-5.907668231611895,-4.259554140127387,44770.0,19150.0,19.12568306010929,True,False,False,False,25.587467362924276,True,False,321.7182867458989,51.0
DCL,Y tế,38500.0,39070.0,38410.0,43181.25,35.08771929824562,0.3208449464573859,273400,852125.0,1.85185185185186,1.182654402102501,1.3157894736842035,-28.835489833641404,62800.0,19000.0,44.52054794520548,False,True,True,False,4.336043360433606,True,False,-132.55757127312884,51.0
VCG,Xây dựng & Vật liệu,16050.0,15730.0,16746.2,18779.15,53.846153846153854,0.2300292301112251,519000,2256235.0,1.5822784810126667,4.56026058631922,-8.54700854700855,-8.285714285714285,25860.0,14130.0,16.36828644501279,True,False,False,False,9.183673469387754,True,False,91.98119661711621,50.0
BCM,Bất động sản,42300.0,39715.0,44825.0,56418.25,63.874345549738216,0.23916194180990732,253300,1059115.0,-0.7042253521126751,18.98734177215189,-20.63789868667918,-28.30508474576271,82280.0,33900.0,17.362546506821,True,False,False,False,24.778761061946895,True,False,644.9252320032194,49.0
ACV,Dịch vụ & Giải trí,41700.0,40420.0,41742.0,47923.0,64.93506493506493,0.33029117774880484,159600,483210.0,1.4598540145985384,7.474226804123707,-3.9170506912442393,-19.186046511627907,78320.0,37000.0,11.374636979670862,True,False,False,False,12.702702702702705,True,False,231.06620391017395,49.0
POW,"Điện, Nước & Khí đốt",13600.0,13567.5,13931.0,13443.05,42.10526315789474,0.29537899934883466,1819000,6158190.0,1.8726591760299671,2.2556390977443552,0.36900369003689537,-10.231023102310232,16850.0,8200.0,62.42774566473989,True,False,False,False,5.4263565891472965,False,False,16.868951423275377,48.0
NKG,Tài nguyên cơ bản,11000.0,10947.5,11384.0,12964.6,48.275862068965516,0.30342271052212794,486200,1602385.0,3.7735849056603765,3.2863849765258246,-11.003236245954696,-17.664670658682635,18550.0,10000.0,11.695906432748536,True,False,False,False,7.317073170731714,True,False,22.88028363258894,47.0
VPL,Dịch vụ & Giải trí,77000.0,77710.0,81578.0,85391.5,27.65957446808511,0.28703094140882157,152600,531650.0,2.6666666666666616,3.3557046979865834,-16.30434782608695,1.9867549668874274,111000.0,67000.0,22.727272727272727,False,False,False,False,6.944444444444442,True,False,133.8445093825967,44.0
HHV,Xây dựng & Vật liệu,10100.0,10062.0,10372.2,11602.7,46.15384615384615,0.22164143918578375,545300,2460280.0,1.0000000000000009,2.746693794506605,-8.597285067873306,-11.636045494313208,16129.999999999998,8610.0,19.813829787234045,True,False,False,False,6.315789473684208,True,False,23.608314772370576,43.0
HAG,Thực phẩm & Đồ uống,14200.0,14087.5,14480.0,16056.0,53.33333333333334,0.15845105543792054,278000,1754485.0,0.35335689045936647,1.4285714285714235,-5.960264900662249,-10.410094637223978,19250.0,9540.0,47.991761071060765,True,False,False,False,5.970149253731338,False,False,43.682110467628206,42.0
GIL,Hàng cá nhân & Gia dụng,7960.0,7729.0,9197.6,12674.9,59.53947368421053,0.13265495293221002,32200,242735.0,-0.5000000000000004,20.060331825037704,-33.666666666666664,-48.311688311688314,21750.0,6410.0,10.104302477183833,True,False,False,False,24.180967238689544,True,False,119.90991652577088,42.0
HVN,Dịch vụ & Giải trí,23150.0,23100.0,23427.0,24623.5,42.50000000000001,0.17729145333746102,148900,839860.0,1.3129102844638973,5.949656750572085,9.715639810426534,-6.464646464646462,38450.0,19300.0,20.10443864229765,True,False,False,False,8.94117647058823,True,False,-38.9524754026587,40.0
VIC,Bất động sản,210000.0,210395.0,214356.0,174705.5,41.99999999999999,0.10912269939930354,523000,4792770.0,5.000000000000004,-1.7773620205799867,2.489019033674955,27.427184466019416,242000.0,19850.0,85.5953184785055,False,False,False,False,7.913669064748197,True,False,-372.01237078077475,36.0
VJC,Dịch vụ & Giải trí,124500.0,124990.0,131570.0,136156.0,39.79591836734694,0.3497070476831526,457200,1307380.0,0.809716599190291,0.8914100486223653,-4.845612962396817,3.4912718204488824,169220.0,59310.0,59.31216449822582,False,False,False,False,5.419136325148188,False,False,267.5265945948436,31.0
LPB,Ngân hàng,49850.0,52132.5,52149.0,45703.0,30.541871921182263,0.26773770873175257,782600,2923010.0,-0.30000000000000027,-6.822429906542061,-2.062868369351667,23.116818967646324,58500.0,25530.0,73.7640279041553,False,False,False,False,2.7835051546391654,True,False,-408.0477191403268,30.0
PC1,Xây dựng & Vật liệu,20700.0,20840.0,21237.0,22842.35,35.18518518518519,0.14999199102995356,234100,1560750.0,1.4705882352941124,-3.2710280373831724,8.947368421052637,-28.620689655172416,32200.000000000004,16000.0,29.01234567901234,False,False,False,False,4.810126582278484,True,False,-15.983190673376043,28.0
NAF,Thực phẩm & Đồ uống,48150.0,48190.0,48644.0,44458.0,35.71428571428571,0.20768431983385255,74000,356310.0,0.10395010395010118,0.31250000000000444,-7.40384615384615,9.307604994324636,53900.0,15410.0,85.06105481943362,False,False,False,False,2.337938363443137,False,False,56.28724517931431,20.0
HUT,Ô tô,13000.0,13705.0,14628.0,15873.5,22.727272727272734,0.20129104974640094,392900,1951900.0,-1.5151515151515138,-12.16216216216216,-16.666666666666664,-18.23899371069182,21100.0,10620.0,22.709923664122137,False,False,False,False,2.3622047244094446,False,False,-35.33002833985046,17.0
