time,open,high,low,close,volume
2021-10-14,22.64,22.67,22.44,22.44,1060700
2021-10-15,22.44,22.61,22.41,22.41,1104900
2021-10-18,22.41,22.72,22.13,22.3,1795500
2021-10-19,22.3,23.01,22.13,22.72,2212300
2021-10-20,22.72,22.81,22.3,22.55,1079600
2021-10-21,22.55,22.64,22.41,22.41,632200
2021-10-22,22.41,22.53,22.3,22.3,1054900
2021-10-25,22.47,22.47,22.24,22.24,889700
2021-10-26,22.24,22.36,22.21,22.24,547200
2021-10-27,22.27,22.67,22.27,22.64,1412900
2021-10-28,22.7,22.81,22.53,22.61,1237100
2021-10-29,22.7,23.66,22.64,23.55,3730300
2021-11-01,23.83,23.89,23.6,23.72,3293200
2021-11-02,23.72,24.11,23.6,23.8,1527700
2021-11-03,24.0,25.02,23.83,24.43,5601700
2021-11-04,24.48,25.11,24.23,24.96,4380200
2021-11-05,24.96,25.19,24.54,24.74,1940900
2021-11-08,24.74,25.19,24.48,24.91,2686800
2021-11-09,24.96,25.05,24.4,24.4,2541000
2021-11-10,24.45,24.68,24.03,24.4,2138500
2021-11-11,24.62,24.68,23.94,24.28,2441800
2021-11-12,24.03,24.57,24.03,24.51,1878000
2021-11-15,24.6,24.68,23.83,24.28,1523300
2021-11-16,24.23,24.45,24.09,24.28,1266900
2021-11-17,24.2,24.85,24.09,24.74,2444800
2021-11-18,24.96,25.48,24.62,25.25,3510800
2021-11-19,25.28,26.13,23.83,25.19,4055100
2021-11-22,25.19,26.21,24.96,25.84,4942900
2021-11-23,25.82,25.82,25.08,25.36,1795000
2021-11-24,25.5,26.16,25.31,26.13,4127600
2021-11-25,26.33,26.33,25.7,25.73,2686800
2021-11-26,26.16,26.21,24.96,25.79,4132100
2021-11-29,25.25,25.53,25.02,25.25,3260500
2021-11-30,25.48,25.9,24.74,25.19,2542100
2021-12-01,25.19,25.36,24.79,25.14,1755700
2021-12-02,25.11,25.76,24.96,25.08,1367300
2021-12-03,25.25,25.25,23.83,23.83,2199100
2021-12-06,24.4,24.4,23.63,23.8,2858100
2021-12-07,23.86,24.82,23.86,24.74,1653500
2021-12-08,24.79,25.14,24.65,24.96,1145000
2021-12-09,24.94,25.05,24.71,24.96,979700
2021-12-10,25.14,25.65,25.14,25.31,2064600
2021-12-13,25.82,25.99,25.59,25.82,2477500
2021-12-14,25.93,25.93,25.65,25.7,1711000
2021-12-15,25.65,25.82,25.39,25.48,1426700
2021-12-16,25.53,25.53,24.96,25.48,1674500
2021-12-17,25.48,25.82,25.02,25.48,1851700
2021-12-20,25.42,25.5,25.25,25.31,1229300
2021-12-21,25.25,25.33,24.85,24.85,2787700
2021-12-22,24.96,25.11,24.37,24.57,2827800
2021-12-23,24.95,25.02,24.16,24.73,2318800
2021-12-24,24.73,25.38,24.73,25.09,1525000
2021-12-27,25.24,25.45,25.09,25.31,1202100
2021-12-28,25.45,25.45,25.02,25.24,1359900
2021-12-29,25.49,25.49,25.16,25.24,1581600
2021-12-30,25.38,25.59,25.24,25.38,987000
2021-12-31,25.52,27.03,25.45,26.6,4857000
2022-01-04,26.96,27.24,26.71,26.81,1769200
2022-01-05,27.17,27.17,26.46,26.56,1922200
2022-01-06,26.17,27.82,25.99,27.24,5998800
2022-01-07,27.71,28.28,26.99,28.1,4367700
2022-01-10,28.1,28.89,27.82,27.85,3180600
2022-01-11,27.82,28.61,27.46,28.25,4276500
2022-01-12,28.25,30.22,28.25,30.22,8028300
2022-01-13,30.47,32.33,30.47,31.55,9664800
2022-01-14,31.04,32.33,31.04,31.72,3265400
2022-01-17,31.55,33.7,31.26,31.29,7741100
2022-01-18,31.12,32.58,31.12,32.19,4849200
2022-01-19,32.3,32.84,31.22,31.29,2972800
2022-01-20,30.9,33.48,30.29,33.48,5637900
2022-01-21,33.73,34.99,33.34,33.95,4570000
2022-01-24,33.62,34.77,33.59,33.62,4165100
2022-01-25,33.19,35.13,32.91,35.13,4703200
2022-01-26,35.49,35.81,34.48,34.48,4052900
2022-01-27,34.41,34.77,33.98,34.13,1921100
2022-01-28,34.13,35.13,33.91,34.38,2956900
2022-02-07,34.7,34.84,33.84,33.98,3477200
2022-02-08,33.98,34.7,33.34,33.95,2672600
2022-02-09,33.91,35.06,33.7,34.7,4562000
2022-02-10,34.84,35.06,34.41,34.7,2741500
2022-02-11,34.56,34.77,34.27,34.34,1716100
2022-02-14,33.84,34.13,32.08,32.08,7129000
2022-02-15,32.15,33.19,31.83,33.12,3694100
2022-02-16,33.05,33.05,32.05,32.37,2795800
2022-02-17,32.76,32.98,32.05,32.98,1790200
2022-02-18,32.58,33.02,32.05,32.05,2995400
2022-02-21,32.12,32.58,31.33,32.44,2957200
2022-02-22,32.19,32.98,32.05,32.98,2290300
2022-02-23,33.34,33.62,32.62,32.69,2954000
2022-02-24,32.48,32.66,31.26,31.98,3385900
2022-02-25,31.98,32.69,31.9,31.94,2347500
2022-02-28,31.76,31.94,31.33,31.33,2699000
2022-03-01,31.37,32.26,31.26,31.62,2395600
2022-03-02,31.33,31.55,30.36,30.43,3090100
2022-03-03,30.36,30.97,30.11,30.69,2473700
2022-03-04,30.69,31.19,30.47,31.04,1660800
2022-03-07,30.69,30.69,30.22,30.29,2266100
2022-03-08,29.97,30.51,29.68,29.82,2585800
2022-03-09,29.82,30.04,29.04,29.04,1970700
2022-03-10,29.75,30.11,29.36,29.36,1563100
2022-03-11,29.36,30.0,29.36,30.0,1476500
2022-03-14,30.0,30.25,29.61,29.61,1337300
2022-03-15,29.61,30.25,29.39,30.18,1515300
2022-03-16,30.33,30.33,29.75,29.82,1331400
2022-03-17,30.25,31.72,29.39,31.19,5819900
2022-03-18,31.33,31.98,31.19,31.47,2786600
2022-03-21,31.47,31.62,31.04,31.4,1279000
2022-03-22,31.4,31.51,30.97,31.19,2825000
2022-03-23,31.15,31.83,30.94,31.12,1995900
2022-03-24,31.12,31.15,30.83,30.9,1287000
2022-03-25,30.94,31.44,30.54,31.15,1969000
2022-03-28,30.83,31.15,29.72,29.82,3983900
2022-03-29,29.9,30.47,29.75,30.4,1733800
2022-03-30,30.18,32.26,29.9,31.22,3512800
2022-03-31,31.37,31.51,31.12,31.19,1444000
2022-04-01,31.19,31.9,31.12,31.8,3165900
2022-04-04,32.23,32.23,31.72,31.72,2081900
2022-04-05,31.19,31.4,30.94,31.04,2905000
2022-04-06,30.83,31.4,30.58,31.19,3242600
2022-04-07,31.19,31.8,30.86,30.86,3152800
2022-04-08,30.83,30.97,29.97,30.04,3146100
2022-04-12,30.33,30.33,29.0,29.0,3187500
2022-04-13,29.04,29.68,28.75,29.32,1996100
2022-04-14,29.68,29.68,29.04,29.04,1890900
2022-04-15,29.11,29.54,27.96,28.18,2508700
2022-04-18,28.35,28.46,27.1,27.21,2820600
2022-04-19,27.49,28.1,26.89,27.21,2322500
2022-04-20,27.21,27.82,27.14,27.21,1458300
2022-04-21,27.17,27.78,26.99,27.6,2094100
2022-04-22,27.67,28.03,27.24,27.6,2628900
2022-04-25,27.6,27.67,25.7,25.7,2945400
2022-04-26,25.2,26.71,25.2,26.46,1857800
2022-04-27,26.53,26.89,26.13,26.67,748100
2022-04-28,26.67,26.67,26.31,26.31,974900
2022-04-29,26.42,27.06,26.38,26.71,1518600
2022-05-04,26.71,27.03,26.49,26.71,1561000
2022-05-05,26.96,27.39,26.53,27.39,1990600
2022-05-06,26.78,27.14,26.53,26.53,1579600
2022-05-09,26.24,26.46,24.7,24.7,2414100
2022-05-10,24.45,25.74,24.02,25.67,1727600
2022-05-11,25.63,25.88,25.13,25.88,862900
2022-05-12,25.38,25.67,24.09,24.09,1507900
2022-05-13,24.23,24.38,22.8,22.8,2353900
2022-05-16,23.8,23.84,23.09,23.09,1280700
2022-05-17,23.3,24.7,22.98,24.7,1116800
2022-05-18,25.02,25.45,24.52,25.02,1288800
2022-05-19,24.38,25.09,24.3,24.84,895100
2022-05-20,24.66,25.02,24.59,24.73,1128100
2022-05-23,24.66,24.88,23.66,23.91,1002800
2022-05-24,24.16,24.27,23.73,24.2,768000
2022-05-25,24.38,25.16,24.38,25.02,1066800
2022-05-26,25.52,25.63,25.09,25.16,1194100
2022-05-27,25.16,25.38,25.02,25.31,891000
2022-05-30,25.45,25.7,25.24,25.63,1088100
2022-05-31,25.45,25.52,25.09,25.31,1027300
2022-06-01,25.16,25.49,25.06,25.2,1071100
2022-06-02,25.2,25.24,24.73,24.88,905200
2022-06-03,24.88,24.91,24.38,24.63,570700
2022-06-06,24.63,24.84,24.23,24.52,918800
2022-06-07,24.45,24.52,23.73,24.09,1172500
2022-06-08,24.16,24.95,24.13,24.59,982900
2022-06-09,24.63,24.91,24.45,24.73,394400
2022-06-10,24.41,24.59,24.23,24.23,786000
2022-06-13,23.69,23.91,22.91,22.91,1446900
2022-06-14,22.87,23.52,22.3,23.16,1178900
2022-06-15,22.94,23.3,22.23,22.94,1366100
2022-06-16,22.94,23.52,22.94,23.16,1293500
2022-06-17,22.91,22.91,22.37,22.66,1218700
2022-06-20,22.73,22.8,21.15,21.15,972600
2022-06-21,20.86,21.97,20.76,21.72,1403700
2022-06-22,21.72,22.66,21.36,21.87,1532700
2022-06-23,21.87,22.23,21.54,22.23,422300
2022-06-24,22.37,23.12,22.3,22.37,1328200
2022-06-27,22.44,22.8,22.33,22.76,826300
2022-06-28,22.66,24.34,22.66,24.13,2412700
2022-06-29,23.66,25.02,23.66,25.02,2342200
2022-06-30,25.09,25.09,24.02,24.02,1498400
2022-07-01,23.59,25.59,23.01,25.13,3520700
2022-07-04,25.45,25.63,25.02,25.13,1827500
2022-07-05,25.13,26.89,25.09,26.02,4933500
2022-07-06,25.67,26.46,25.45,25.52,2731600
2022-07-07,25.38,26.28,24.59,26.02,2824700
2022-07-08,26.1,26.13,25.09,25.09,1979400
2022-07-11,25.02,25.2,23.66,24.73,2058500
2022-07-12,24.63,26.17,24.52,26.1,1671000
2022-07-13,25.95,26.67,25.67,25.85,2657100
2022-07-14,25.67,26.46,25.63,25.92,1504200
2022-07-15,25.88,26.35,25.67,25.67,1387300
2022-07-18,25.81,25.81,25.38,25.45,1698400
2022-07-19,25.45,25.7,25.09,25.56,976900
2022-07-20,25.95,26.46,25.77,26.1,1587800
2022-07-21,25.95,26.42,25.95,26.17,1519100
2022-07-22,26.46,26.46,25.45,25.45,1247400
2022-07-25,25.45,25.74,24.95,25.38,1196800
2022-07-26,25.67,25.81,25.45,25.49,885800
2022-07-27,25.49,25.56,25.09,25.49,725200
2022-07-28,25.81,26.42,25.59,26.17,2049800
2022-07-29,26.31,27.17,26.28,26.74,4174700
2022-08-01,26.81,27.96,26.74,27.96,3367400
2022-08-02,27.67,27.96,27.39,27.6,1951800
2022-08-03,27.21,28.18,27.17,28.18,2146200
2022-08-04,28.18,28.43,27.6,28.18,2421700
2022-08-05,28.1,28.1,27.6,27.96,1029400
2022-08-08,27.96,28.14,27.75,27.82,987900
2022-08-09,27.82,28.1,27.67,27.71,1567700
2022-08-10,27.6,27.82,27.53,27.53,987000
2022-08-11,27.96,28.18,27.39,27.46,1739100
2022-08-12,27.46,28.1,27.35,28.1,1639000
2022-08-15,28.18,29.5,28.18,29.39,3772200
2022-08-16,29.36,29.47,29.04,29.04,981400
2022-08-17,29.04,29.11,28.68,28.68,1394900
2022-08-18,28.46,28.75,28.39,28.39,1480900
2022-08-19,28.35,28.68,28.1,28.21,1451800
2022-08-22,28.21,28.21,27.49,27.57,1761800
2022-08-23,27.49,28.32,27.39,28.32,1732500
2022-08-24,28.46,28.53,27.92,28.18,969800
2022-08-25,27.96,28.32,27.92,28.18,1272100
2022-08-26,28.18,28.79,28.18,28.25,2006200
2022-08-29,27.67,28.18,27.35,27.96,1345400
2022-08-30,28.0,29.0,27.96,28.53,2329700
2022-08-31,28.53,28.82,28.39,28.68,1622100
2022-09-05,28.68,28.71,28.14,28.32,803800
2022-09-06,28.32,29.07,28.28,28.71,1779600
2022-09-07,28.61,28.61,27.1,27.1,3012000
2022-09-08,27.17,27.49,26.24,26.31,2190400
2022-09-09,26.31,26.6,25.92,26.53,1111000
2022-09-12,26.53,26.89,26.38,26.46,946450
2022-09-13,26.46,26.71,26.28,26.38,847965
2022-09-14,25.81,26.17,25.77,26.17,937765
2022-09-15,26.17,26.38,25.56,25.63,1949856
2022-09-16,25.81,25.95,25.45,25.45,977443
2022-09-19,25.42,25.42,24.45,24.52,1278139
2022-09-20,24.59,25.27,24.59,25.2,1118605
2022-09-21,24.95,25.16,24.91,24.91,497103
2022-09-22,24.77,25.31,24.7,25.2,979249
2022-09-23,25.52,25.52,24.73,24.91,787198
2022-09-26,24.45,24.56,23.23,23.95,2018029
2022-09-27,24.02,24.41,23.66,24.16,608290
2022-09-28,24.16,24.3,23.91,24.02,778570
2022-09-29,24.38,24.45,23.98,24.02,1001071
2022-09-30,23.52,24.3,23.16,24.3,1819117
2022-10-03,23.73,24.09,22.62,22.62,1574858
2022-10-04,22.94,22.98,22.15,22.23,1196328
2022-10-05,22.8,22.94,22.44,22.8,517155
2022-10-06,22.91,22.91,22.23,22.23,916258
2022-10-07,21.87,21.94,20.72,20.93,1717139
2022-10-10,20.18,21.83,20.07,21.51,1002148
2022-10-11,21.51,21.51,20.43,20.43,908806
2022-10-12,20.79,21.83,20.58,21.83,1478898
2022-10-13,21.9,23.26,21.83,23.26,1415327
2022-10-14,23.66,23.8,23.37,23.66,1721848
2022-10-17,23.62,23.62,22.73,23.44,1090452
2022-10-18,23.66,23.98,23.44,23.52,883424
2022-10-19,23.52,24.02,23.23,23.66,754471
2022-10-20,23.37,24.38,23.3,23.77,1477803
2022-10-21,23.77,23.77,23.01,23.37,1658065
2022-10-24,23.62,23.62,21.76,21.76,1375188
2022-10-25,21.51,23.26,21.01,22.44,1465721
2022-10-26,22.58,23.3,22.44,22.73,684896
2022-10-27,22.8,24.3,22.8,24.3,2036546
2022-10-28,24.59,25.06,24.23,24.23,2108244
2022-10-31,24.23,24.99,24.16,24.77,2664974
2022-11-01,24.81,25.2,24.38,24.41,1616234
2022-11-02,24.41,24.63,24.05,24.16,1326436
2022-11-03,23.77,24.23,23.66,23.66,1126384
2022-11-04,23.66,24.13,22.62,23.87,2377412
2022-11-07,23.52,24.45,23.52,23.87,1583239
2022-11-08,23.66,25.09,23.66,25.02,3081236
2022-11-09,25.16,26.38,25.13,25.92,4504408
2022-11-10,25.77,25.77,24.13,24.88,2501614
2022-11-11,25.81,26.17,25.38,25.81,2168354
2022-11-14,25.52,26.46,25.02,25.74,1328089
2022-11-15,25.09,25.63,23.95,23.95,1890316
2022-11-16,22.87,25.59,22.62,25.59,1605275
2022-11-17,25.95,26.17,25.45,25.56,1493788
2022-11-18,25.56,25.85,24.38,25.77,1384727
2022-11-21,26.17,26.17,25.45,25.45,1286232
2022-11-22,24.81,26.35,24.81,26.13,2111140
2022-11-23,26.1,27.24,25.77,26.81,2418256
2022-11-24,26.67,27.53,26.38,27.24,1791007
2022-11-25,27.53,28.68,27.39,28.68,2566780
2022-11-28,28.68,29.11,27.96,28.32,2608636
2022-11-29,28.32,29.39,27.85,29.39,2552531
2022-11-30,29.39,30.33,28.32,29.47,2060423
2022-12-01,29.47,29.75,27.96,27.96,1938985
2022-12-02,27.96,29.61,27.92,29.54,1505423
2022-12-05,29.68,30.11,29.07,29.57,1668082
2022-12-06,29.47,29.47,28.03,28.03,2674908
2022-12-07,28.32,28.32,27.6,27.96,1799011
2022-12-08,28.1,29.54,27.82,27.96,2733145
2022-12-09,27.89,28.32,27.46,28.1,1625164
2022-12-12,28.25,28.61,27.32,27.32,1984825
2022-12-13,27.28,28.32,27.28,27.75,1707714
2022-12-14,28.46,28.46,27.82,27.82,660058
2022-12-15,27.67,28.57,27.67,27.96,1460713
2022-12-16,27.71,28.32,27.71,27.89,1001312
2022-12-19,27.82,29.04,27.82,27.82,1918352
2022-12-20,27.82,27.96,26.89,27.6,1653458
2022-12-21,27.85,28.39,27.57,27.67,1433870
2022-12-22,27.85,28.61,27.78,27.96,1336958
2022-12-23,28.32,28.32,27.96,27.96,691373
2022-12-26,27.96,28.03,27.78,27.82,1256272
2022-12-27,27.82,28.68,27.75,28.68,1497183
2022-12-28,28.75,30.4,28.39,30.04,3697677
2022-12-29,30.11,30.18,28.68,28.68,1267149
2022-12-30,28.86,29.75,27.67,27.67,2619301
2023-01-03,28.18,29.54,28.0,29.54,1734902
2023-01-04,29.54,30.25,28.96,29.25,2072076
2023-01-05,29.39,29.47,28.86,29.22,1176389
2023-01-06,29.22,30.43,29.11,29.86,3403352
2023-01-09,30.25,30.25,29.29,29.39,1327117
2023-01-10,29.82,29.9,29.22,29.61,925479
2023-01-11,29.82,30.25,29.32,29.57,1532358
2023-01-12,29.65,30.08,29.39,29.72,709355
2023-01-13,29.82,30.25,29.82,29.97,1632087
2023-01-16,30.11,32.05,30.08,32.05,4744054
2023-01-17,32.26,32.48,31.98,32.23,1501080
2023-01-18,32.19,32.66,32.12,32.33,1836121
2023-01-19,32.33,33.19,32.23,32.94,1660492
2023-01-27,33.34,33.41,31.9,31.94,1731126
2023-01-30,31.55,32.19,31.55,31.9,1211836
2023-01-31,31.72,32.33,31.22,32.33,1645341
2023-02-01,32.51,32.62,30.54,30.69,2511860
2023-02-02,30.65,31.26,30.18,30.94,2866054
2023-02-03,31.19,31.4,30.94,31.08,1378814
2023-02-06,31.04,32.26,30.76,32.26,1748181
2023-02-07,32.26,32.51,31.33,31.4,1569559
2023-02-08,31.47,32.44,31.47,31.9,1798589
2023-02-09,31.9,32.26,31.55,31.55,1185612
2023-02-10,31.83,31.94,30.79,30.79,1398920
2023-02-13,30.79,31.83,30.79,31.83,1590833
2023-02-14,31.9,31.9,31.04,31.12,1325859
2023-02-15,30.94,31.87,30.94,31.55,605202
2023-02-16,32.05,32.26,31.55,32.26,1068840
2023-02-17,32.26,32.84,32.23,32.84,1495042
2023-02-20,32.84,33.95,32.84,33.84,1511483
2023-02-21,33.84,33.91,33.16,33.16,998047
2023-02-22,32.87,32.98,32.26,32.26,995108
2023-02-23,32.23,32.66,31.33,32.66,1281017
2023-02-24,32.3,32.66,31.83,31.98,498530
2023-02-27,31.9,31.9,31.26,31.72,939736
2023-02-28,31.72,31.98,31.58,31.62,258186
2023-03-01,31.55,32.73,31.4,32.73,741537
2023-03-02,32.73,33.34,32.55,33.27,977626
2023-03-03,33.27,33.34,32.44,32.91,736210
2023-03-06,32.91,33.7,32.48,32.84,865699
2023-03-07,32.62,33.77,32.62,33.62,1635598
2023-03-08,33.27,34.41,32.91,34.41,1231249
2023-03-09,34.41,34.41,33.73,34.16,1172128
2023-03-10,34.02,34.02,33.66,33.8,862825
2023-03-13,33.41,33.62,33.16,33.16,934562
2023-03-14,33.05,33.23,32.08,32.3,1445334
2023-03-15,32.98,33.98,32.58,33.55,629549
2023-03-16,33.02,33.62,33.02,33.16,876442
2023-03-17,33.7,33.7,32.98,33.19,311230
2023-03-20,32.98,32.98,32.26,32.51,586661
2023-03-21,32.55,32.8,32.12,32.51,742304
2023-03-22,32.8,33.12,32.58,33.05,561786
2023-03-23,32.48,32.98,32.48,32.91,415155
2023-03-24,32.91,33.19,32.62,32.66,365179
2023-03-27,32.66,33.09,32.26,32.98,673205
2023-03-28,33.34,33.55,32.98,32.98,505224
2023-03-29,32.98,33.23,32.66,33.12,303827
2023-03-30,33.16,33.41,33.12,33.12,700455
2023-03-31,33.12,33.7,33.02,33.12,644471
2023-04-03,33.45,33.55,32.84,32.91,1264390
2023-04-04,32.91,33.09,32.76,32.98,890133
2023-04-05,32.98,33.19,32.48,32.62,1364548
2023-04-06,32.62,33.34,32.48,32.98,1515622
2023-04-07,32.8,32.98,32.62,32.73,732129
2023-04-10,32.84,32.84,32.05,32.05,1806628
2023-04-11,31.87,32.01,31.65,31.83,1229631
2023-04-12,31.9,32.12,31.69,31.83,775972
2023-04-13,31.83,32.26,31.83,32.23,779789
2023-04-14,32.26,32.26,31.87,31.87,619122
2023-04-17,31.87,32.33,31.83,32.26,716933
2023-04-18,32.12,32.26,31.76,31.98,639923
2023-04-19,32.08,32.08,31.69,31.83,452844
2023-04-20,31.8,31.98,31.65,31.98,257397
2023-04-21,31.98,31.98,31.69,31.69,354941
2023-04-24,31.69,31.69,31.33,31.33,463207
2023-04-25,31.26,31.47,30.94,31.22,539840
2023-04-26,31.19,31.76,30.97,31.62,405370
2023-04-27,31.62,31.62,31.19,31.47,163564
2023-04-28,31.51,31.62,31.19,31.19,415123
2023-05-04,31.19,31.69,31.04,31.37,376986
2023-05-05,31.4,31.44,31.15,31.15,297140
2023-05-08,31.22,32.62,31.22,32.05,1131194
2023-05-09,32.05,32.51,32.05,32.33,651505
2023-05-10,32.48,32.48,31.9,32.26,595636
2023-05-11,32.26,32.44,32.12,32.26,511109
2023-05-12,32.26,32.33,31.94,32.26,428666
2023-05-15,32.98,32.98,32.19,32.19,436362
2023-05-16,32.33,32.33,32.08,32.26,429634
2023-05-17,32.26,32.33,32.12,32.12,866435
2023-05-18,32.19,32.23,31.9,32.01,515381
2023-05-19,31.98,32.23,31.76,31.83,603859
2023-05-22,31.83,32.23,31.83,31.83,608178
2023-05-23,32.19,32.19,31.44,31.44,754393
2023-05-24,31.55,31.55,31.19,31.19,767768
2023-05-25,31.19,31.55,31.15,31.37,655685
2023-05-26,31.62,31.62,31.12,31.12,545642
2023-05-29,31.51,31.51,31.12,31.47,668852
2023-05-30,31.55,31.55,31.26,31.4,801247
2023-05-31,31.4,31.55,31.22,31.55,771388
2023-06-01,31.55,31.55,31.29,31.47,618364
2023-06-02,31.55,32.19,31.55,32.05,1203844
2023-06-05,32.19,32.51,32.05,32.05,960172
2023-06-06,32.26,32.26,31.76,32.12,846789
2023-06-07,32.12,32.19,31.8,31.8,968635
2023-06-08,31.83,31.9,31.33,31.33,1655978
2023-06-09,31.4,31.58,30.9,31.15,1290509
2023-06-12,31.26,31.29,30.83,31.29,1126107
2023-06-13,31.33,31.9,31.29,31.8,1329246
2023-06-14,31.98,32.05,31.55,31.55,1335575
2023-06-15,31.47,31.69,31.33,31.44,823999
2023-06-16,31.76,31.9,31.29,31.33,1442289
2023-06-19,31.4,31.44,31.04,31.04,796594
2023-06-20,31.15,31.19,30.94,31.19,813300
2023-06-21,31.19,31.55,31.04,31.12,813280
2023-06-22,31.33,31.58,31.12,31.51,1284588
2023-06-23,31.47,32.23,31.33,31.76,1913112
2023-06-26,31.9,32.15,31.47,31.76,1225691
2023-06-27,31.62,31.87,31.55,31.76,794604
2023-06-28,31.76,32.51,31.65,32.51,2339140
2023-06-29,32.55,32.91,31.9,31.9,1583263
2023-06-30,31.9,32.12,31.08,31.08,975505
2023-07-03,31.47,31.9,31.33,31.9,1086025
2023-07-04,31.83,31.94,31.37,31.55,1183792
2023-07-05,31.69,32.08,31.58,31.8,1295281
2023-07-06,31.69,32.01,31.26,31.51,1337633
2023-07-07,31.33,31.76,31.33,31.76,880503
2023-07-10,31.83,33.66,31.69,33.66,4624172
2023-07-11,33.84,33.98,33.34,33.37,2621966
2023-07-12,33.66,33.8,33.09,33.48,2334556
2023-07-13,33.62,34.05,33.37,33.62,1886191
2023-07-14,33.62,34.16,33.02,33.52,2607357
2023-07-17,33.52,33.77,33.12,33.12,2232487
2023-07-18,33.12,33.48,33.12,33.48,1668084
2023-07-19,33.62,33.62,32.87,33.16,2330351
2023-07-20,33.12,33.27,32.87,33.16,935257
2023-07-21,33.16,33.52,33.05,33.52,1422722
2023-07-24,33.62,34.13,33.55,33.55,1971317
2023-07-25,33.52,33.84,33.48,33.8,1623071
2023-07-26,33.8,34.45,33.8,33.95,2331102
2023-07-27,33.91,33.98,33.45,33.48,1370747
2023-07-28,33.48,33.91,33.27,33.48,1755787
2023-07-31,33.7,34.02,33.48,33.84,1874511
2023-08-01,34.09,35.49,33.84,34.56,3818310
2023-08-02,34.56,35.35,34.52,35.2,2357585
2023-08-03,35.2,35.24,34.7,34.81,2095613
2023-08-04,34.77,35.06,34.56,34.7,2197186
2023-08-07,34.91,35.45,34.74,35.02,2005942
2023-08-08,35.06,35.45,34.81,34.88,2106243
2023-08-09,34.88,34.99,34.45,34.56,1803151
2023-08-10,34.56,34.7,33.34,33.34,2613597
2023-08-11,33.34,33.62,32.69,33.48,2103722
2023-08-14,33.7,34.16,33.45,34.13,2118350
2023-08-15,33.98,34.13,33.59,33.7,1658986
2023-08-16,33.66,34.13,33.62,34.05,1354583
2023-08-17,34.05,34.2,33.77,33.77,1667072
2023-08-18,33.77,33.77,31.62,31.69,2846703
2023-08-21,31.98,33.59,31.9,32.69,1811621
2023-08-22,32.19,32.94,31.9,32.84,1288347
2023-08-23,33.12,33.12,32.55,32.76,1363636
2023-08-24,32.76,33.05,32.51,32.84,1360643
2023-08-25,32.84,32.84,32.3,32.41,1175391
2023-08-28,32.51,32.91,32.48,32.55,741098
2023-08-29,32.55,33.05,32.51,32.84,1360549
2023-08-30,32.98,33.41,32.84,33.12,1124807
2023-08-31,33.23,33.66,33.19,33.66,1670262
2023-09-05,33.7,34.2,33.7,34.05,1363784
2023-09-06,34.2,34.2,33.8,33.91,1179695
2023-09-07,34.05,34.52,33.84,33.95,1175552
2023-09-08,34.05,34.09,33.66,33.7,1602280
2023-09-11,33.98,33.98,32.98,33.34,968152
2023-09-12,33.52,33.7,33.27,33.7,992725
2023-09-13,33.77,33.95,33.34,33.7,1202272
2023-09-14,33.7,34.34,33.52,33.52,1875211
2023-09-15,33.7,33.98,33.55,33.55,1054708
2023-09-18,33.7,33.7,32.48,32.8,1447691
2023-09-19,32.84,33.09,32.26,32.41,1190762
2023-09-20,32.41,32.76,32.33,32.76,674134
2023-09-21,32.76,33.02,32.33,32.41,915754
2023-09-22,32.12,33.02,31.69,33.02,1823119
2023-09-25,33.02,33.02,32.19,32.33,1038835
2023-09-26,32.48,32.48,31.69,31.8,1122726
2023-09-27,31.8,32.05,31.72,31.83,1080562
2023-09-28,31.8,32.05,31.72,31.8,696016
2023-09-29,31.83,32.08,31.69,31.8,543179
2023-10-02,31.8,32.01,31.4,31.51,688922
2023-10-03,31.29,31.37,29.79,29.79,1337182
2023-10-04,29.39,30.79,29.39,30.47,893351
2023-10-05,30.47,30.72,29.79,29.82,526719
2023-10-06,29.82,30.47,29.54,30.25,555678
2023-10-09,30.25,30.33,29.97,30.08,700250
2023-10-10,30.25,30.47,30.04,30.15,877347
2023-10-11,30.47,30.47,29.93,30.11,1118039
2023-10-12,30.15,30.4,30.04,30.22,1017284
2023-10-13,30.25,30.47,30.18,30.47,1027673
2023-10-16,30.47,30.47,29.57,29.86,974231
2023-10-17,30.04,30.25,29.61,29.61,979130
2023-10-18,29.61,29.65,28.68,28.68,1456482
2023-10-19,28.82,29.11,28.46,28.82,1170275
2023-10-20,28.82,29.04,28.35,29.04,979470
2023-10-23,28.89,29.04,28.75,28.89,707250
2023-10-24,28.79,29.72,28.79,29.61,916214
2023-10-25,29.61,29.82,29.22,29.22,742466
2023-10-26,28.68,29.32,27.96,29.07,1976533
2023-10-27,29.07,30.11,28.82,30.11,895083
2023-10-30,30.04,30.04,29.39,29.39,541271
2023-10-31,29.39,29.75,28.82,28.82,545445
2023-11-01,29.32,29.32,28.46,28.68,352148
2023-11-02,29.29,29.86,29.11,29.86,690989
2023-11-03,30.29,30.29,29.75,29.75,564131
2023-11-06,29.86,30.25,29.82,29.97,587650
2023-11-07,30.11,30.11,29.75,29.97,532067
2023-11-08,29.86,30.83,29.79,30.76,967527
2023-11-09,30.83,30.94,30.54,30.72,757675
2023-11-10,30.4,30.76,30.18,30.25,628038
2023-11-13,30.25,30.61,30.08,30.18,474759
2023-11-14,30.29,31.15,30.29,30.83,1572654
2023-11-15,31.12,31.65,30.97,31.65,1450601
2023-11-16,31.72,31.83,31.15,31.37,971468
2023-11-17,31.55,31.55,30.51,30.76,1210754
2023-11-20,30.11,31.44,30.11,30.94,810753
2023-11-21,31.33,31.51,30.83,31.51,824797
2023-11-22,31.51,31.55,31.12,31.26,739459
2023-11-23,31.55,31.55,30.83,30.83,756246
2023-11-24,30.83,31.29,30.4,31.29,812011
2023-11-27,31.29,31.29,30.69,30.83,748402
2023-11-28,31.51,31.51,30.86,31.39,835635
2023-11-29,31.51,31.75,31.43,31.75,813308
2023-11-30,31.51,31.91,31.35,31.39,728032
2023-12-01,31.43,31.91,31.39,31.83,762309
2023-12-04,31.91,32.15,31.79,32.15,713493
2023-12-05,32.15,32.24,31.83,32.03,656184
2023-12-06,32.03,32.64,31.83,32.32,1158312
2023-12-07,32.6,33.12,32.32,32.8,1956881
2023-12-08,32.8,33.93,32.8,33.85,2408030
2023-12-11,33.93,34.09,33.41,33.45,1591005
2023-12-12,33.53,33.97,33.29,33.85,957886
2023-12-13,33.85,33.93,32.8,33.61,794504
2023-12-14,33.65,33.77,33.37,33.61,780657
2023-12-15,33.49,33.69,33.33,33.53,562608
2023-12-18,33.16,33.53,32.72,33.12,679053
2023-12-19,33.12,33.53,32.76,33.29,823834
2023-12-20,33.85,33.93,32.96,33.37,1025521
2023-12-21,33.04,33.85,33.04,33.77,1137420
2023-12-22,33.77,34.3,33.45,34.3,1190985
2023-12-25,34.34,34.98,33.93,34.9,1175553
2023-12-26,34.9,35.18,34.5,34.74,1165412
2023-12-27,34.58,34.9,34.58,34.74,939903
2023-12-28,34.74,34.86,34.5,34.5,1100128
2023-12-29,34.5,35.06,34.17,35.06,883671
2024-01-02,35.06,35.22,34.5,34.74,1112938
2024-01-03,35.06,35.63,34.74,35.39,1561832
2024-01-04,35.47,36.36,35.22,35.27,3214754
2024-01-05,35.31,36.32,35.31,35.95,1331657
2024-01-08,36.19,37.57,36.07,37.49,1951306
2024-01-09,37.97,37.97,37.2,37.2,1743286
2024-01-10,37.2,38.62,37.16,38.29,2144305
2024-01-11,38.13,38.17,37.33,37.57,3399421
2024-01-12,37.08,38.13,36.4,37.16,3091109
2024-01-15,37.2,37.97,37.2,37.65,1345255
2024-01-16,37.2,37.93,37.2,37.89,1135791
2024-01-17,37.61,37.97,37.41,37.85,1469274
2024-01-18,37.85,38.66,37.69,38.38,2293041
2024-01-19,38.7,40.27,38.13,40.27,2971887
2024-01-22,40.36,40.56,39.35,40.23,2372235
2024-01-23,39.99,40.23,39.3,39.91,2186583
2024-01-24,39.18,39.75,39.14,39.51,1872754
2024-01-25,39.51,40.19,39.1,39.1,1353235
2024-01-26,39.1,39.55,39.1,39.55,814358
2024-01-29,39.51,39.75,39.18,39.35,986750
2024-01-30,39.43,39.51,38.94,39.14,1123666
2024-01-31,39.18,39.43,38.38,38.54,1676533
2024-02-01,38.38,38.74,38.09,38.17,1545088
2024-02-02,38.21,38.38,37.73,37.89,1955284
2024-02-05,38.05,39.91,38.01,39.3,2254701
2024-02-06,39.43,39.43,38.78,39.43,1529371
2024-02-07,39.43,39.63,39.26,39.55,1861415
2024-02-15,39.55,39.79,39.14,39.55,1628521
2024-02-16,39.59,39.59,39.02,39.22,1355591
2024-02-19,39.39,40.64,38.98,39.83,3288060
2024-02-20,39.99,40.56,39.91,39.91,1572592
2024-02-21,40.19,40.23,39.51,40.19,1854473
2024-02-22,40.23,40.31,39.99,40.19,1598960
2024-02-23,40.23,42.98,39.83,42.01,6948065
2024-02-26,42.66,44.03,42.01,43.3,1536698
2024-02-27,43.38,43.63,42.82,42.82,1744935
2024-02-28,42.98,44.27,42.25,43.55,2346478
2024-02-29,43.55,43.63,42.82,42.82,1340368
2024-03-01,43.06,43.87,42.33,43.22,1248808
2024-03-04,43.3,44.03,42.42,43.22,2334455
2024-03-05,43.22,43.95,42.74,43.95,1203171
2024-03-06,43.63,44.27,43.22,43.95,1587437
2024-03-07,43.95,43.95,42.98,43.06,2127394
2024-03-08,43.14,43.14,40.07,41.28,2743455
2024-03-11,41.85,42.33,40.8,40.8,1481676
2024-03-12,40.88,42.09,40.8,42.01,1212545
2024-03-13,42.17,42.5,41.85,42.5,1399923
2024-03-14,43.22,43.22,41.53,41.77,1484385
2024-03-15,41.69,42.66,41.2,42.17,1435031
2024-03-18,42.01,42.66,40.31,42.01,1483545
2024-03-19,42.09,42.09,41.2,41.69,766534
2024-03-20,41.69,42.9,40.8,42.82,3135459
2024-03-21,42.98,43.14,42.66,42.82,1859542
2024-03-22,43.06,45.81,43.06,43.79,4368960
2024-03-25,43.79,44.84,42.58,42.82,1264961
2024-03-26,42.82,43.55,42.82,42.82,1411023
2024-03-27,43.06,43.06,42.42,42.42,1609580
2024-03-28,42.98,43.55,42.42,42.5,1360986
2024-03-29,42.98,42.98,42.01,42.09,1789819
2024-04-01,42.17,42.58,41.77,42.09,1365330
2024-04-02,41.93,42.33,41.61,41.93,1578085
2024-04-03,42.01,42.25,41.2,41.2,1497781
2024-04-04,41.85,41.85,41.2,41.2,1094832
2024-04-05,41.12,41.12,40.56,40.56,1656504
2024-04-08,40.56,41.69,40.4,41.04,906777
2024-04-09,41.28,42.58,41.04,42.58,1752434
2024-04-10,42.66,42.66,41.93,42.01,1194800
2024-04-11,41.61,43.14,41.45,42.82,2278176
2024-04-12,42.82,44.03,42.66,43.14,3378524
2024-04-15,43.06,44.03,40.15,40.15,2543650
2024-04-16,40.15,41.37,39.95,40.64,2353772
2024-04-17,41.12,41.2,38.78,38.86,1976645
2024-04-19,38.7,39.99,38.05,39.06,2172286
2024-04-22,39.43,40.48,39.43,40.48,1300516
2024-04-23,39.75,40.8,39.18,39.91,2275027
2024-04-24,39.95,40.72,39.87,40.4,1417731
2024-04-25,40.19,40.64,39.83,40.07,1054622
2024-04-26,40.07,40.48,39.67,39.75,776097
2024-05-02,39.83,40.15,39.47,39.75,569727
2024-05-03,40.11,40.31,39.59,39.75,701877
2024-05-06,39.83,40.8,39.83,40.8,1193818
2024-05-07,40.88,41.2,40.4,40.4,1071204
2024-05-08,40.48,41.04,40.23,40.23,1058548
2024-05-09,40.64,40.64,39.99,39.99,971915
2024-05-10,40.07,40.19,39.55,39.63,828864
2024-05-13,39.75,39.99,39.18,39.26,1665656
2024-05-14,39.43,39.75,38.82,38.86,1950627
2024-05-15,39.14,39.55,39.06,39.26,1394263
2024-05-16,39.71,40.64,39.63,40.07,2099463
2024-05-17,40.11,40.15,39.75,39.87,1519945
2024-05-20,40.07,40.96,39.99,40.07,2194600
2024-05-21,40.4,40.64,39.91,40.4,1796281
2024-05-22,40.8,41.37,40.19,40.23,2430579
2024-05-23,40.23,40.56,39.91,39.99,1790055
2024-05-24,40.07,40.88,39.18,39.75,2177908
2024-05-27,39.91,39.91,39.22,39.51,765228
2024-05-28,39.59,39.75,39.26,39.67,1232312
2024-05-29,39.95,39.95,39.26,39.26,1390091
2024-05-30,39.1,39.18,38.29,38.54,2095616
2024-05-31,38.54,39.02,38.05,38.05,1970022
2024-06-03,38.7,39.14,38.13,38.21,2097260
2024-06-04,38.66,38.94,38.42,38.46,1116575
2024-06-05,38.7,38.94,38.5,38.5,1801566
2024-06-06,38.54,38.86,38.54,38.7,1414731
2024-06-07,38.86,39.02,38.54,38.58,1235300
2024-06-10,38.66,39.22,38.42,38.5,2065498
2024-06-11,38.62,38.66,38.13,38.25,2538535
2024-06-12,38.46,38.74,37.97,38.7,2651508
2024-06-13,39.06,39.06,38.7,39.06,2618192
2024-06-14,39.1,39.39,38.38,38.38,2243470
2024-06-17,38.38,38.38,37.57,37.57,2815727
2024-06-18,37.73,38.01,37.57,37.57,1470307
2024-06-19,37.81,37.81,37.04,37.24,2602167
2024-06-20,37.16,37.33,36.64,36.76,2673823
2024-06-21,36.84,37.53,36.8,36.84,1542112
2024-06-24,37.16,37.45,36.36,36.36,1954551
2024-06-25,36.68,36.92,35.18,35.71,2894172
2024-06-26,35.75,36.19,35.55,35.95,1692167
2024-06-27,36.11,36.36,35.63,35.63,1575076
2024-06-28,35.63,36.03,34.94,34.94,2123329
2024-07-01,34.98,35.47,34.74,35.47,1239342
2024-07-02,35.75,37.0,35.59,36.96,3615544
2024-07-03,37.16,38.13,36.8,38.13,4605235
2024-07-04,37.97,38.29,37.81,38.21,2668392
2024-07-05,38.25,38.94,38.05,38.21,4625999
2024-07-08,38.42,38.62,37.77,37.97,1984524
2024-07-09,38.38,38.78,37.89,38.38,2574979
2024-07-10,38.66,38.7,37.89,37.89,2021521
2024-07-11,38.34,38.34,37.81,37.81,1295594
2024-07-12,37.89,38.13,37.37,37.65,1437570
2024-07-15,37.97,38.01,37.41,37.61,1186390
2024-07-16,37.81,39.02,37.57,38.09,4083531
2024-07-17,38.7,40.4,38.42,38.78,7862737
2024-07-18,39.26,39.83,38.66,39.18,3365146
2024-07-19,39.43,39.59,38.38,38.54,3084606
2024-07-22,38.54,39.35,38.13,38.54,3440872
2024-07-23,38.62,38.98,35.95,37.16,3362032
2024-07-24,36.36,37.85,36.36,37.24,2480906
2024-07-25,37.53,37.53,36.76,37.16,1466567
2024-07-26,37.41,37.61,37.04,37.37,1239588
2024-07-29,37.45,38.17,37.45,38.05,1046716
2024-07-30,38.25,38.25,37.57,37.81,2283675
2024-07-31,37.97,39.1,37.89,38.46,3163962
2024-08-01,38.7,39.51,37.81,37.81,3828424
2024-08-02,37.57,38.58,37.57,38.58,1970252
2024-08-05,37.89,38.13,36.36,37.24,2725167
2024-08-06,37.49,38.5,37.04,37.77,1807610
2024-08-07,38.29,38.29,37.16,37.49,2146141
2024-08-08,37.57,37.81,36.92,37.16,1425343
2024-08-09,37.97,37.97,37.45,37.73,1051831
2024-08-12,37.73,38.25,37.57,37.81,1360111
2024-08-13,37.97,38.09,37.57,37.69,1016649
2024-08-14,37.81,38.58,37.81,38.01,1705367
2024-08-15,38.01,38.34,37.69,37.69,1005251
2024-08-16,37.77,38.82,37.77,38.38,2384649
2024-08-19,38.62,39.18,38.46,38.7,2109637
2024-08-20,39.02,39.75,38.9,39.71,4363152
2024-08-21,39.95,41.04,39.63,40.88,6176457
2024-08-22,41.2,41.45,40.31,40.64,2741504
2024-08-23,40.56,41.04,40.48,40.8,2275733
2024-08-26,41.04,41.12,40.48,40.56,2249313
2024-08-27,40.64,40.64,39.67,40.07,4162989
2024-08-28,40.07,40.64,39.99,40.07,1207704
2024-08-29,39.83,40.88,39.83,39.83,1687720
2024-08-30,40.03,40.15,39.51,39.51,1799461
2024-09-04,39.18,39.95,38.9,39.55,1973073
2024-09-05,39.39,39.99,39.26,39.35,1901203
2024-09-06,39.35,39.99,39.3,39.83,2363275
2024-09-09,39.75,40.03,39.51,39.63,1203365
2024-09-10,39.83,39.83,39.14,39.18,2401313
2024-09-11,39.14,39.3,38.78,39.02,1407787
2024-09-12,39.18,39.35,39.06,39.06,1105781
2024-09-13,38.94,39.22,38.94,38.94,747831
2024-09-16,38.94,39.26,38.58,38.58,1571633
2024-09-17,38.62,39.35,38.38,39.35,1364317
2024-09-18,39.43,39.95,39.18,39.63,1837615
2024-09-19,39.75,39.91,39.43,39.79,1357466
2024-09-20,39.99,40.31,39.63,39.63,2654632
2024-09-23,39.63,39.91,39.35,39.35,1218959
2024-09-24,39.55,39.79,39.18,39.79,1415266
2024-09-25,40.15,40.72,39.87,40.4,5261327
2024-09-26,40.64,41.04,40.27,40.4,4236900
2024-09-27,40.64,41.77,40.4,40.48,3206731
2024-09-30,40.48,40.56,40.07,40.15,2192128
2024-10-01,40.15,40.96,40.15,40.15,2820043
2024-10-02,40.15,40.56,40.07,40.23,1836154
2024-10-03,40.23,41.04,39.99,39.99,3506280
2024-10-04,39.99,40.07,39.71,39.75,2165968
2024-10-07,39.99,39.99,39.59,39.63,1494152
2024-10-08,39.63,39.87,39.43,39.51,1902042
2024-10-09,39.75,40.07,39.43,39.95,2192302
2024-10-10,40.36,40.36,39.91,40.19,2652527
2024-10-11,40.27,40.27,39.83,39.91,1540828
2024-10-14,39.99,40.19,39.91,39.91,1163352
2024-10-15,39.99,41.2,39.99,40.4,6931693
2024-10-16,40.4,40.8,40.23,40.27,1792036
2024-10-17,40.56,40.64,40.03,40.64,2120393
2024-10-18,40.96,41.2,40.64,40.64,3397095
2024-10-21,40.4,40.56,40.11,40.11,2126633
2024-10-22,40.15,40.15,39.35,39.39,3374102
2024-10-23,39.39,39.39,38.78,39.1,2398865
2024-10-24,38.86,39.47,38.78,38.78,1466742
2024-10-25,38.82,39.02,38.38,38.38,1697241
2024-10-28,38.38,38.58,38.21,38.38,1727122
2024-10-29,38.54,39.14,38.38,38.42,2177648
2024-10-30,38.5,38.94,38.5,38.54,1416820
2024-10-31,38.78,39.14,38.5,38.58,1793000
2024-11-01,38.78,38.86,38.42,38.58,1544087
2024-11-04,38.58,38.94,38.42,38.54,1338003
2024-11-05,38.54,38.7,38.25,38.29,1526924
2024-11-06,38.46,38.9,38.46,38.82,1083269
2024-11-07,39.1,39.1,38.46,38.46,1264744
2024-11-08,38.54,38.7,37.97,38.29,2650552
2024-11-11,38.29,38.38,37.49,37.57,2603153
2024-11-12,37.57,37.85,37.41,37.41,1688825
2024-11-13,37.41,37.57,37.04,37.29,1818624
2024-11-14,37.37,37.37,36.76,36.76,2001459
2024-11-15,36.84,36.84,36.11,36.11,2259406
2024-11-18,36.07,36.84,35.91,35.91,1916517
2024-11-19,36.52,36.52,36.03,36.03,1458953
2024-11-20,36.11,37.04,35.95,36.36,2190978
2024-11-21,36.44,36.88,36.44,36.64,1473934
2024-11-22,37.0,37.0,36.56,36.92,1876045
2024-11-25,36.92,37.0,36.76,36.8,1111803
2024-11-26,36.76,37.37,36.76,37.37,1840917
2024-11-27,37.37,37.53,37.2,37.45,1216426
2024-11-28,37.57,37.61,37.24,37.24,1286086
2024-11-29,37.24,37.77,37.04,37.77,1444486
2024-12-02,37.89,38.05,37.57,37.57,1315663
2024-12-03,37.57,37.57,37.2,37.2,1401191
2024-12-04,37.24,37.29,36.48,36.48,2401095
2024-12-05,36.6,37.81,36.6,37.16,2429151
2024-12-06,37.49,37.93,37.49,37.65,2499768
2024-12-09,37.69,37.97,37.65,37.73,1719564
2024-12-10,37.81,38.25,37.77,37.77,1945190
2024-12-11,37.93,37.97,37.57,37.65,1287841
2024-12-12,37.73,38.09,37.65,37.65,1936826
2024-12-13,37.61,37.81,37.49,37.49,1383716
2024-12-16,37.97,38.17,37.73,37.77,3249666
2024-12-17,37.97,38.09,37.65,37.65,2250022
2024-12-18,37.85,37.97,37.73,37.85,1662684
2024-12-19,37.69,37.77,37.49,37.53,2707866
2024-12-20,37.57,37.73,37.45,37.53,2994624
2024-12-23,38.03,38.13,37.64,37.74,2899478
2024-12-24,37.83,37.98,37.2,37.25,3219399
2024-12-25,37.35,38.91,37.25,37.79,5281584
2024-12-26,38.08,38.47,37.93,38.13,3886725
2024-12-27,38.37,38.62,38.23,38.27,2862726
2024-12-30,38.23,38.27,37.39,37.39,4013327
2024-12-31,37.64,37.88,36.71,36.71,3418064
2025-01-02,37.35,37.79,37.05,37.35,3162931
2025-01-03,37.35,37.74,37.35,37.35,3701524
2025-01-06,37.44,38.27,37.35,37.93,4823056
2025-01-07,38.23,39.59,38.18,39.5,10454584
2025-01-08,39.5,39.5,38.76,39.45,3127337
2025-01-09,39.01,39.15,38.47,39.06,3602237
2025-01-10,39.01,39.01,38.23,38.23,3116356
2025-01-13,38.23,38.47,37.54,38.42,2463023
2025-01-14,38.32,38.32,38.03,38.13,958254
2025-01-15,38.32,38.32,37.74,38.32,1487145
2025-01-16,38.32,38.62,38.18,38.52,1629701
2025-01-17,38.32,38.62,38.18,38.62,1573809
2025-01-20,38.57,39.2,38.52,39.01,2855896
2025-01-21,39.15,39.15,38.62,38.91,2140926
2025-01-22,38.91,38.91,38.57,38.62,2022332
2025-01-23,38.62,39.2,38.57,39.01,2928246
2025-01-24,39.01,39.11,38.86,39.11,2347829
2025-02-03,38.81,39.01,38.23,38.52,3557883
2025-02-04,38.62,39.2,38.27,38.76,4284757
2025-02-05,39.01,39.06,38.67,38.71,2376603
2025-02-06,38.76,39.11,38.71,38.91,3984458
2025-02-07,38.91,39.89,38.91,39.59,8081402
2025-02-10,39.59,40.28,39.2,39.45,4607922
2025-02-11,39.59,39.84,39.2,39.54,2880952
2025-02-12,39.45,39.54,39.01,39.11,4343069
2025-02-13,39.11,39.35,39.01,39.11,2434400
2025-02-14,39.45,39.94,39.25,39.74,4562905
2025-02-17,39.74,39.74,39.25,39.3,2277851
2025-02-18,39.2,39.74,39.15,39.59,3325066
2025-02-19,39.59,39.98,39.5,39.94,5459498
2025-02-20,40.08,40.13,39.74,39.98,3405951
2025-02-21,39.94,40.13,39.74,39.98,2994507
2025-02-24,39.98,40.47,39.79,40.18,4177842
2025-02-25,40.23,40.42,40.08,40.33,4355951
2025-02-26,40.28,40.33,40.03,40.28,3024367
2025-02-27,40.28,40.38,39.98,40.03,2557038
2025-02-28,40.03,40.03,39.79,40.03,3056810
2025-03-03,40.03,40.28,39.94,40.03,1969946
2025-03-04,39.89,39.98,39.5,39.89,3345330
2025-03-05,39.79,40.23,39.54,39.74,2834149
2025-03-06,39.74,39.98,39.64,39.89,2393857
2025-03-07,39.89,40.23,39.79,40.23,4626906
2025-03-10,40.38,41.06,40.28,40.47,4889220
2025-03-11,40.03,40.47,39.84,40.47,3357324
2025-03-12,40.42,40.47,39.94,39.98,3973124
2025-03-13,39.98,39.98,39.2,39.3,3986658
2025-03-14,39.3,39.5,39.15,39.5,2301884
2025-03-17,39.5,39.64,39.25,39.45,3323206
2025-03-18,39.59,39.69,39.11,39.11,3424747
2025-03-19,39.3,39.3,38.67,38.91,3186748
2025-03-20,38.67,39.01,38.67,38.91,2259323
2025-03-21,38.71,38.91,38.57,38.57,2412157
2025-03-24,38.57,38.62,38.13,38.23,3736994
2025-03-25,38.32,38.81,38.32,38.81,2940691
2025-03-26,38.71,38.96,38.52,38.67,2607000
2025-03-27,38.76,38.76,38.23,38.23,1866106
2025-03-28,38.27,38.37,38.18,38.23,1403596
2025-03-31,38.13,38.13,37.64,37.88,2904998
2025-04-01,38.03,38.13,37.83,38.13,1370099
2025-04-02,38.37,38.37,37.83,37.83,3029476
2025-04-03,36.17,37.05,35.19,35.19,7530101
2025-04-04,32.8,35.19,32.8,35.19,6892436
2025-04-08,34.22,34.71,32.75,32.75,4718118
2025-04-09,30.5,33.73,30.5,31.72,6525942
2025-04-10,33.92,33.92,33.92,33.92,636561
2025-04-11,36.07,36.07,34.75,35.93,6958448
2025-04-14,36.17,36.17,35.19,36.17,3554149
2025-04-15,35.78,35.93,35.19,35.68,3005029
2025-04-16,35.29,35.59,34.9,35.19,2919518
2025-04-17,34.41,35.05,34.17,35.05,3131689
2025-04-18,35.39,35.44,35.05,35.15,3480592
2025-04-21,35.15,35.19,34.31,34.46,2109681
2025-04-22,34.36,34.41,32.07,34.31,3605492
2025-04-23,34.95,34.95,34.22,34.56,1851936
2025-04-24,34.56,34.66,34.12,34.66,2031745
2025-04-25,34.51,34.61,34.22,34.22,2688066
2025-04-28,34.51,34.51,33.63,33.78,3324623
2025-04-29,33.83,33.97,33.58,33.78,2442470
2025-05-05,33.87,34.07,33.53,34.07,1838148
2025-05-06,34.12,34.41,33.78,34.17,2976723
2025-05-07,34.02,34.12,33.83,34.12,2131802
2025-05-08,34.12,34.75,33.92,34.66,4670498
2025-05-09,34.75,34.9,34.31,34.31,3062519
2025-05-12,34.31,34.51,34.22,34.46,3140235
2025-05-13,34.66,35.0,34.51,35.0,6596159
2025-05-14,35.15,36.66,35.1,36.61,11864503
2025-05-15,36.66,36.86,36.32,36.56,6231081
2025-05-16,36.56,36.61,35.73,35.78,5780387
2025-05-19,35.68,35.73,35.29,35.39,2746755
2025-05-20,35.44,35.59,35.05,35.39,4654483
2025-05-21,35.54,36.03,35.19,35.39,3688255
2025-05-22,35.39,35.39,35.05,35.19,3484285
2025-05-23,35.19,35.19,34.71,35.05,3342954
2025-05-26,35.05,35.1,34.22,35.05,2515946
2025-05-27,35.19,35.59,35.0,35.49,3551129
2025-05-28,36.12,36.12,35.24,35.68,4676435
2025-05-29,35.68,35.68,35.29,35.63,3032836
2025-05-30,35.59,35.59,35.0,35.19,2338029
2025-06-02,35.0,35.05,34.71,34.9,2800372
2025-06-03,35.1,35.34,35.0,35.1,2731965
2025-06-04,35.19,35.29,34.85,34.95,3013267
2025-06-05,35.1,35.1,34.66,34.71,3306175
2025-06-06,34.71,34.85,34.41,34.46,2797449
2025-06-09,34.46,34.56,34.22,34.46,1663178
2025-06-10,34.46,34.66,34.41,34.41,1867776
2025-06-11,34.51,34.61,34.22,34.27,1241199
2025-06-12,34.31,34.61,34.31,34.51,1418725
2025-06-13,34.27,35.44,34.22,34.75,6325970
2025-06-16,34.75,35.1,34.66,35.05,2710730
2025-06-17,35.19,35.39,35.05,35.1,3749543
2025-06-18,35.1,35.24,34.8,34.85,2599974
2025-06-19,34.9,35.1,34.71,35.0,1874990
2025-06-20,35.0,35.59,35.0,35.19,5987380
2025-06-23,34.85,35.19,34.75,35.05,2292599
2025-06-24,35.24,35.39,34.9,35.19,4419949
2025-06-25,35.24,35.44,35.05,35.05,3398132
2025-06-26,35.1,35.15,34.8,34.9,2342386
2025-06-27,34.9,35.83,34.9,35.29,8303279
2025-06-30,35.54,35.54,35.39,35.49,4553539
2025-07-01,35.54,36.03,35.44,35.78,7019449
2025-07-02,35.78,35.83,35.49,35.59,3807613
2025-07-03,35.68,35.98,35.34,35.49,6061507
2025-07-04,35.63,35.88,35.49,35.73,3911085
2025-07-07,35.83,36.37,35.83,36.37,11244684
2025-07-08,36.37,36.66,36.17,36.66,7368451
2025-07-09,36.81,37.59,36.66,37.35,11145800
2025-07-10,37.64,37.83,37.2,37.39,7739790
2025-07-11,37.39,37.79,37.3,37.44,8722310
2025-07-14,37.64,38.47,37.44,37.79,8317344
2025-07-15,37.74,37.88,37.25,37.25,5794593
2025-07-16,37.05,37.54,37.0,37.54,7126531
2025-07-17,37.93,37.93,37.3,37.44,5685877
2025-07-18,37.44,37.93,37.15,37.49,9042229
2025-07-21,37.59,37.79,37.2,37.25,6208093
2025-07-22,37.2,38.42,37.15,38.03,10831700
2025-07-23,38.23,38.32,37.69,37.83,6989454
2025-07-24,38.13,38.76,37.83,37.98,10961181
2025-07-25,38.23,38.23,37.88,37.98,6294216
2025-07-28,38.23,38.91,38.03,38.52,11066907
2025-07-29,38.76,38.76,36.56,36.56,15409891
2025-07-30,36.56,37.93,36.47,37.25,9313914
2025-07-31,37.64,37.64,36.66,37.0,6296151
2025-08-01,37.0,37.44,36.27,36.37,7126572
2025-08-04,36.37,37.39,36.37,37.2,4472310
2025-08-05,37.54,39.3,37.35,37.88,28558722
2025-08-06,38.13,39.01,38.08,38.62,6990744
2025-08-07,38.81,39.59,38.62,39.54,12295921
2025-08-08,40.08,40.08,38.47,38.81,16744332
2025-08-11,39.11,39.69,38.71,39.3,11402011
2025-08-12,39.59,41.01,39.54,40.57,15362032
2025-08-13,40.86,40.86,39.4,40.42,11846586
2025-08-14,40.67,41.7,40.23,41.21,15184586
2025-08-15,41.65,41.65,39.79,40.08,14384373
2025-08-18,40.13,40.38,39.69,39.89,7520468
2025-08-19,39.98,40.57,39.79,39.94,9932709
2025-08-20,40.08,40.91,38.71,39.79,14551914
2025-08-21,40.08,41.65,39.98,41.35,17336727
2025-08-22,41.45,44.09,41.01,42.28,22755899
2025-08-25,42.92,42.92,40.08,40.08,11320763
2025-08-26,40.08,40.91,39.64,40.86,11182157
2025-08-27,41.21,43.5,40.91,41.84,14883931
2025-08-28,42.09,42.28,41.3,41.55,5846508
2025-08-29,41.74,42.62,41.55,41.89,10437850
2025-09-03,42.14,42.92,41.11,42.53,11358500
2025-09-04,42.77,42.97,42.18,42.43,7242273
2025-09-05,42.62,42.62,41.01,41.01,13571846
2025-09-08,40.77,40.91,39.74,39.74,9083288
2025-09-09,39.74,40.08,39.45,39.74,4255722
2025-09-10,39.79,40.42,39.64,39.79,5477094
2025-09-11,39.89,39.89,38.96,39.74,5788567
2025-09-12,39.89,40.33,39.89,40.03,3323775
2025-09-15,40.13,41.26,40.13,41.26,7336285
2025-09-16,41.55,41.74,41.06,41.11,7347121
2025-09-17,41.06,41.45,40.08,40.08,3704769
2025-09-18,40.08,40.52,39.64,39.89,4689947
2025-09-19,40.18,40.28,38.91,38.91,6164616
2025-09-22,39.3,40.08,38.71,40.08,8001802
2025-09-23,39.79,39.98,39.59,39.94,3469273
2025-09-24,39.94,40.28,39.3,40.28,4672576
2025-09-25,40.23,40.23,39.89,39.98,2011804
2025-09-26,39.89,40.23,39.64,39.64,2298181
2025-09-29,39.35,39.64,39.2,39.4,2112994
2025-09-30,39.3,39.64,38.71,39.11,3687433
2025-10-01,39.11,39.74,38.91,39.15,1785236
2025-10-02,39.25,39.79,39.11,39.2,2749706
2025-10-03,39.11,39.25,38.91,38.91,2518841
2025-10-06,39.4,39.98,39.15,39.84,3062236
2025-10-07,40.08,40.08,39.54,39.59,2421949
2025-10-08,39.98,39.98,39.35,39.54,4608072
2025-10-09,39.64,40.03,39.5,39.89,4351594
2025-10-10,39.98,40.57,39.98,40.28,6799562
2025-10-13,40.08,40.23,39.84,39.98,4332780
2025-10-14,40.13,40.28,39.14,39.14,7731694
2025-10-15,39.24,39.69,38.9,38.9,4335312
2025-10-16,38.9,39.29,38.75,39.29,3816264
2025-10-17,39.29,39.34,38.6,38.6,4180594
2025-10-20,38.5,38.6,36.08,36.08,7402866
2025-10-21,36.13,37.07,36.13,36.62,4509093
2025-10-22,37.07,37.07,36.08,36.77,3978223
2025-10-23,36.57,37.02,36.43,36.48,2710914
2025-10-24,36.57,36.67,35.78,36.48,3495261
2025-10-27,36.53,36.77,36.08,36.08,2067006
2025-10-28,36.18,36.72,36.18,36.67,2796558
2025-10-29,37.07,37.46,36.87,37.37,3207836
2025-10-30,37.51,37.81,37.17,37.46,2602763
2025-10-31,37.56,37.56,36.97,36.97,2382565
2025-11-03,37.17,37.37,36.67,36.67,2456567
2025-11-04,36.67,37.56,36.48,37.46,3485740
2025-11-05,37.17,38.35,37.17,38.21,3950153
2025-11-06,38.25,38.45,37.91,38.06,2395105
2025-11-07,37.91,38.21,37.02,37.07,3223428
2025-11-10,37.07,37.56,36.87,36.97,2340902
2025-11-11,37.17,37.71,37.17,37.56,2395929
2025-11-12,37.76,37.96,37.37,37.81,2032983
2025-11-13,37.81,38.01,37.56,37.86,1944397
2025-11-14,37.76,38.06,37.76,37.91,2236580
2025-11-17,37.91,38.11,37.86,37.96,1427050
2025-11-18,38.06,38.06,37.81,37.96,1453812
2025-11-19,37.86,38.01,37.66,37.66,1304367
2025-11-20,37.76,37.76,37.46,37.51,1469300
2025-11-21,37.46,37.46,36.97,37.17,1248658
2025-11-24,37.17,37.51,37.17,37.22,1100392
2025-11-25,37.37,37.37,36.57,36.57,1800254
2025-11-26,36.62,37.12,36.62,36.92,1238611
2025-11-27,37.02,37.27,36.87,37.12,1072758
2025-11-28,37.12,37.17,36.67,36.67,881322
2025-12-01,36.77,36.87,36.53,36.53,1461589
2025-12-02,36.53,36.62,36.23,36.43,1593672
2025-12-03,36.57,38.01,36.57,37.96,4015977
2025-12-04,38.06,38.11,37.61,37.76,2055885
2025-12-05,37.86,38.01,37.37,37.37,1629030
2025-12-08,37.37,37.51,37.02,37.07,1709827
2025-12-09,37.07,37.51,36.67,37.02,3267154
2025-12-10,37.07,37.46,37.02,37.27,1906508
2025-12-11,37.27,37.66,37.17,37.17,1135305
2025-12-12,37.27,37.27,36.57,36.57,1880698
2025-12-15,36.62,36.72,36.48,36.57,1245353
2025-12-16,36.67,37.32,36.43,36.97,2062304
2025-12-17,37.02,38.06,37.02,37.56,4088078
2025-12-18,37.66,37.86,37.46,37.56,1240445
2025-12-19,37.56,37.71,37.17,37.27,2052941
2025-12-22,37.27,38.01,37.22,37.96,2723508
2025-12-23,38.06,38.35,37.46,37.56,1922069
2025-12-24,37.56,38.01,37.37,37.96,1988052
2025-12-25,37.96,38.5,37.91,38.35,3732504
2025-12-26,38.01,38.35,37.56,38.35,2659972
2025-12-29,38.35,38.45,38.16,38.35,1647245
2025-12-30,38.35,39.39,38.21,38.95,5384246
2025-12-31,39.05,39.1,38.45,38.45,1633431
2026-01-05,38.4,38.45,37.46,38.01,3888833
2026-01-06,37.86,38.45,37.37,38.45,4858018
2026-01-07,39.05,40.92,39.05,40.48,13423318
2026-01-08,40.83,43.3,40.43,42.55,27533175
2026-01-09,43.3,45.52,43.2,45.52,22950229
2026-01-12,47.35,48.68,46.46,48.68,7811092
2026-01-13,48.78,51.01,48.04,50.41,21909615
2026-01-14,50.22,53.87,49.62,53.87,17674775
2026-01-15,52.0,53.38,50.12,50.12,26498997
2026-01-16,50.41,53.58,49.82,50.51,13997854
2026-01-19,50.51,52.0,49.92,51.4,9427454
2026-01-20,52.29,54.66,51.6,52.59,15573432
2026-01-21,52.0,53.28,50.51,52.39,11948978
2026-01-22,52.88,55.95,51.01,51.4,18114766
2026-01-23,51.2,52.19,50.12,50.22,10094659
2026-01-26,50.41,52.0,50.22,51.9,11960475
2026-01-27,51.9,52.19,48.93,52.0,12493240
2026-01-28,52.79,55.26,50.81,51.3,17925315
2026-01-29,51.2,52.19,50.41,51.3,7089980
2026-01-30,51.7,53.87,51.3,53.28,13713129
2026-02-02,53.18,54.57,51.5,54.37,11947959
2026-02-03,55.06,55.85,53.38,53.48,11594418
2026-02-04,53.38,53.77,52.0,52.39,9659385
2026-02-05,52.39,52.69,50.91,50.91,9833356
2026-02-06,50.12,51.7,50.12,50.81,9898884
2026-02-09,51.2,51.2,50.02,50.02,3605950
2026-02-10,49.62,49.92,46.56,46.56,23020593
2026-02-11,46.01,48.19,45.57,47.94,8757058
2026-02-12,47.74,47.94,46.81,47.0,4816289
2026-02-13,47.0,47.15,46.26,46.36,6772514
2026-02-23,47.05,49.13,46.61,48.54,7573418
2026-02-24,48.88,48.88,47.89,48.19,5748381
2026-02-25,48.39,49.38,47.94,47.94,8388172
2026-02-26,47.99,48.34,47.2,47.89,4700445
2026-02-27,47.89,48.54,46.95,47.35,6528569
2026-03-02,45.52,46.85,44.68,44.68,11761486
2026-03-03,44.58,45.37,43.0,43.05,15219729
2026-03-04,42.9,45.08,42.9,45.08,10748974
2026-03-05,45.57,45.57,43.89,43.89,6076832
2026-03-06,43.49,44.48,42.51,43.05,5433130
2026-03-09,40.08,40.53,40.08,40.08,6162007
2026-03-10,41.02,42.31,39.05,41.32,14075988
2026-03-11,40.83,41.86,40.83,41.22,6166949
2026-03-12,41.32,41.42,40.18,40.28,6470718
2026-03-13,40.13,40.78,39.49,40.18,7933362
2026-03-16,40.03,40.73,39.54,39.84,5183935
2026-03-17,40.33,40.83,39.89,39.98,6932737
2026-03-18,40.63,42.51,40.53,40.83,14624200
2026-03-19,40.43,40.63,39.64,40.18,6402322
2026-03-20,40.18,40.63,39.14,39.29,10159947
2026-03-23,38.95,39.0,37.66,38.01,10650993
2026-03-24,38.85,39.14,38.06,38.65,6998295
2026-03-25,39.05,39.19,38.45,39.05,8730047
2026-03-26,39.05,39.24,38.45,38.45,6162788
2026-03-27,38.45,39.44,38.45,39.39,8203748
2026-03-30,38.65,39.1,38.5,39.0,6080719
2026-03-31,39.14,39.34,38.65,38.95,7286893
2026-04-01,39.54,40.13,39.24,39.79,10080644
2026-04-02,39.54,39.54,38.95,39.24,7109372
2026-04-03,39.24,39.29,38.6,38.6,7286563
2026-04-06,38.6,38.95,38.21,38.9,5688125
2026-04-07,38.95,39.05,38.55,38.95,4802964
2026-04-08,40.03,40.97,39.59,40.97,15070041
2026-04-09,40.53,40.68,40.03,40.13,8148049
2026-04-10,40.63,41.47,40.18,40.33,8984455
2026-04-13,40.03,40.28,39.79,39.89,5781576
2026-04-14,40.28,40.38,39.79,39.94,5573346
2026-04-15,40.28,40.53,39.84,39.84,6305383
2026-04-16,39.94,40.13,39.69,39.74,4301963
2026-04-17,39.84,40.23,39.64,39.84,5795955
2026-04-20,39.98,40.28,39.79,40.08,6000107
2026-04-21,40.28,40.83,39.94,39.94,7991158
2026-04-22,40.13,40.13,39.74,39.79,3624394
2026-04-23,39.79,42.55,39.79,41.12,23951273
2026-04-24,41.12,41.17,40.28,40.28,4712655
2026-04-28,40.43,40.63,39.59,39.69,6611901
2026-04-29,39.74,39.89,39.24,39.64,6703587
2026-05-04,39.94,40.83,39.64,40.38,6502016
2026-05-05,40.13,40.33,39.74,40.08,3479913
2026-05-06,40.23,40.53,40.08,40.43,4405645
2026-05-07,40.73,40.83,40.33,40.38,7174111
2026-05-08,40.38,42.31,40.38,41.91,23799070
2026-05-11,42.21,42.21,41.02,41.02,6570342
2026-05-12,41.07,41.27,40.58,41.27,6216497
2026-05-13,41.32,42.51,40.68,42.31,15244937
2026-05-14,42.41,43.74,42.36,43.05,11088594
2026-05-15,43.49,43.49,42.36,42.46,10527757
2026-05-18,42.31,44.98,41.71,44.78,17456769
2026-05-19,44.88,45.87,42.7,43.74,19468943
2026-05-20,43.25,43.69,41.42,43.4,10337654
2026-05-21,43.89,44.19,43.0,43.3,7413270
2026-05-22,43.35,43.35,42.16,42.51,6366788
2026-05-25,42.55,42.6,41.91,42.51,5090289
2026-05-26,42.46,43.3,42.26,43.1,4356355
2026-05-27,43.35,43.35,42.7,42.8,3850446
2026-05-28,42.8,43.0,42.01,42.01,4031098
2026-05-29,41.96,42.06,41.32,41.52,5969821
2026-06-01,41.57,41.96,41.12,41.42,4510022
2026-06-02,41.32,41.76,40.63,41.22,4532601
2026-06-03,41.12,41.71,41.02,41.42,2723431
2026-06-04,41.42,42.31,41.37,42.16,3902836
2026-06-05,42.31,42.31,41.52,41.52,2270613
2026-06-08,41.12,41.42,40.48,40.53,5136609
2026-06-09,40.87,40.92,40.33,40.68,2035612
2026-06-10,40.83,41.81,40.78,41.17,3663253
2026-06-11,40.83,41.12,40.63,40.92,1571757
2026-06-12,41.32,41.42,40.58,40.58,3435355
2026-06-15,41.17,41.37,40.92,41.12,2880137
2026-06-16,41.37,41.71,41.27,41.42,3056001
2026-06-17,41.52,42.7,41.47,42.46,8605298
2026-06-18,42.51,42.55,41.91,42.26,4134908
2026-06-19,42.21,42.21,41.32,41.32,4378251
2026-06-22,41.32,42.31,41.22,41.96,4880584
2026-06-23,42.41,43.0,42.01,42.16,8382491
2026-06-24,42.11,42.36,41.42,41.62,2972642
2026-06-25,41.62,41.76,41.42,41.42,2672875
2026-06-26,41.47,41.62,41.22,41.22,3302850
2026-06-29,41.57,41.96,41.52,41.91,2859392
2026-06-30,42.06,42.31,41.91,41.91,2941982
2026-07-01,41.91,42.75,41.86,42.55,5681327
2026-07-02,42.55,42.7,42.06,42.06,2985705
2026-07-03,42.11,42.26,41.57,41.76,3908629
2026-07-06,41.81,42.16,40.73,40.87,5605444
2026-07-07,40.92,41.22,40.83,41.17,2170019
2026-07-08,41.17,41.52,40.73,41.32,2769075
2026-07-09,41.12,41.27,40.73,40.78,2905670
2026-07-10,40.83,41.02,40.53,40.53,2286771
2026-07-13,40.53,40.53,39.29,39.49,6069480
2026-07-14,39.49,40.03,38.95,39.79,2743440
2026-07-15,39.89,39.94,39.05,39.05,2696215
2026-07-16,39.05,39.29,38.11,38.85,4493803
2026-07-17,39.0,39.05,38.7,38.8,1916950
2026-07-20,38.8,38.9,37.0,37.0,5526621
2026-07-21,37.1,37.7,36.8,36.8,3468011
2026-07-22,37.0,37.15,35.85,35.85,6030114
2026-07-23,35.6,36.7,34.7,36.0,5729973
2026-07-24,36.0,36.75,35.55,36.0,2975143
2026-07-27,36.3,36.4,34.7,34.7,3571748
2026-07-28,34.5,35.65,34.35,35.1,2780417
2026-07-29,35.35,35.75,35.15,35.45,2232229
2026-07-30,35.6,37.3,35.5,37.25,6603800
2026-07-31,37.35,39.4,37.1,38.0,9566200
2026-08-03,38.3,39.0,38.2,38.25,4506700
2026-08-04,38.4,38.5,37.85,38.0,3977900
2026-08-05,38.4,38.7,37.9,38.0,3378700
2026-08-06,38.1,38.3,37.9,37.9,2715100
2026-08-07,37.9,39.4,37.9,39.05,8649000
