item,item_en,item_id,2021-Q2,2021-Q3,2021-Q4,2022-Q1,2022-Q2,2022-Q3,2022-Q4,2023-Q1,2023-Q2,2023-Q3,2023-Q4,2024-Q1,2024-Q2,2024-Q3,2024-Q4,2025-Q1,2025-Q2,2025-Q3,2025-Q4,2026-Q1,2026-Q2
TÀI SẢN NGẮN HẠN,CURRENT ASSETS,current_assets,6133384117909.0,6550475313363.0,4310727971493.0,2822227652074.0,3282848236364.0,3394455136715.0,2836343255111.0,3754567851703.0,3689857590062.0,3705589817131.0,3156973024690.0,3296896304426.0,3497118459320.0,3080285847246.0,3081018989584.0,4032596048058.0,3489479460345.0,3810797617576.0,4341827253256.0,5052376289102.0,5637414794805.0
Tiền và tương đương tiền,Cash and cash equivalents,cash_and_cash_equivalents,187597922500.0,464841772120.0,290885247960.0,194476416911.0,251725654822.0,330198632776.0,111362342612.0,515347519207.0,100691273298.0,70800994450.0,108361457632.0,44822559268.0,809700875938.0,90297537445.0,148911935224.0,824974095909.0,382959718423.0,142776293676.0,365021213113.0,142416198268.0,456937323662.0
Tiền,Cash,cash,97047922500.0,374291772120.0,265635247960.0,179226416911.0,249725654822.0,323648632776.0,108562342612.0,514797519207.0,100141273298.0,57713494450.0,94536457632.0,30997559268.0,807150875938.0,86747537445.0,146361935224.0,819874095909.0,227859718423.0,142776293676.0,363271213113.0,142416198268.0,456937323662.0
Các khoản tương đương tiền,Cash equivalents,cash_equivalents,90550000000.0,90550000000.0,25250000000.0,15250000000.0,2000000000.0,6550000000.0,2800000000.0,550000000.0,550000000.0,13087500000.0,13825000000.0,13825000000.0,2550000000.0,3550000000.0,2550000000.0,5100000000.0,155100000000.0,0.0,1750000000.0,0.0,0.0
Đầu tư ngắn hạn,Short-term investments,short_term_investments,77097500000.0,77097500000.0,57182666667.0,57182666667.0,54550000000.0,100000000000.0,140000000000.0,100000000000.0,332000000000.0,330000000000.0,315000000000.0,346000000000.0,297525000000.0,323275000000.0,290692994520.0,316342994520.0,245712306923.0,360766119057.0,478318619057.0,538125575100.0,770931664070.0
Đầu tư ngắn hạn,Short-term investments,short_term_investments,65097500000.0,65097500000.0,65097500000.0,65097500000.0,0.0,0.0,0.0,0.0,0.0,0.0,0.0,0.0,0.0,0.0,0.0,0.0,0.0,0.0,0.0,0.0,0.0
Dự phòng giảm giá,Provision for diminution,provision_for_diminution,0.0,0.0,-7914833333.0,-7914833333.0,0.0,0.0,0.0,0.0,0.0,0.0,0.0,0.0,0.0,0.0,0.0,0.0,0.0,0.0,0.0,0.0,0.0
Các khoản phải thu,Accounts receivable,accounts_receivable,4626125995573.0,4814818557852.0,2863418579152.0,1303553152329.0,1514649334571.0,1443905790374.0,1682639025937.0,1686060423878.0,2011852881873.0,1866873647184.0,1093799063714.0,996332329189.0,422401102883.0,572452186792.0,444109706085.0,604589444175.0,574143012615.0,747334997049.0,709867390507.0,1168506191452.0,1209366510621.0
Phải thu khách hàng,Trade accounts receivable,trade_accounts_receivable,4493607285927.0,4391351110975.0,2714759096330.0,924071325103.0,943215203944.0,937898093997.0,1453826454128.0,1121244014774.0,1767845850273.0,1557156269887.0,890748893509.0,700287055450.0,209316473049.0,332050741918.0,188713231186.0,189057913724.0,42295678344.0,41341809817.0,83291911776.0,343377771270.0,304457559824.0
Trả trước người bán,Prepayments to suppliers,prepayments_to_suppliers,100573927269.0,390752587333.0,115690518984.0,300442332567.0,473201818219.0,448853460757.0,205179081930.0,491046829734.0,183938798567.0,235834069371.0,138806362679.0,228901036013.0,157289545927.0,188086324913.0,197401601586.0,356444473617.0,460279318820.0,607209618061.0,537429788955.0,609066169250.0,591360671097.0
Phải thu nội bộ,Intercompany receivables,intercompany_receivables,0.0,0.0,0.0,0.0,0.0,0.0,0.0,0.0,0.0,0.0,0.0,0.0,0.0,0.0,0.0,0.0,0.0,0.0,0.0,0.0,0.0
Phải thu hợp đồng xây dựng đang thực hiện,Construction contract in progress receivables,construction_contract_in_progress_receivables,0.0,0.0,0.0,0.0,0.0,0.0,0.0,0.0,0.0,0.0,0.0,0.0,0.0,0.0,0.0,0.0,0.0,0.0,0.0,0.0,0.0
Phải thu khác,Other receivables,other_receivables,31858124375.0,32628201542.0,32882305836.0,78951843407.0,98144661156.0,57066584368.0,23545838627.0,76985232026.0,63334355924.0,77156603942.0,68459460182.0,71322496024.0,59748441205.0,61985477248.0,62184888730.0,63353065384.0,78260130920.0,103705977040.0,98317429829.0,225280106380.0,322894619753.0
Dự phòng nợ khó đòi,Provision for doubtful debts,provision_for_doubtful_debts,0.0,0.0,0.0,0.0,0.0,0.0,0.0,-4303303908.0,-4303303908.0,-4303303908.0,-4303303908.0,-4266008550.0,-4266008550.0,-9908008539.0,-4266008550.0,-4266008550.0,-6893415469.0,-6893415468.0,-9346340053.0,-9346340053.0,-9346340053.0
"Hàng tồn kho, ròng","Inventories, Net",inventories_net,1232866004408.0,1186581252234.0,1087718158115.0,1253641230748.0,1448865157374.0,1504812280039.0,875317007514.0,1424871469409.0,1221834330186.0,1405024053211.0,1604550744465.0,1882647129833.0,1944651245524.0,2068805037409.0,2156075218789.0,2237956236194.0,2235049115600.0,2511876616501.0,2725620167681.0,1700708277306.0,573751532629.0
Hàng tồn kho,Inventories,inventories,1232866004408.0,1186581252234.0,1087718158115.0,1253641230748.0,1448865157374.0,1504812280039.0,875317007514.0,1424871469409.0,1221834330186.0,1405024053211.0,1604550744465.0,1882647129833.0,1944651245524.0,2068805037409.0,2156075218789.0,2237956236194.0,2235049115600.0,2511876616501.0,2725620167681.0,1700708277306.0,573751532629.0
Dự phòng giảm giá hàng tồn kho,Provision for decline in inventories,provision_for_decline_in_inventories,0.0,0.0,0.0,0.0,0.0,0.0,0.0,0.0,0.0,0.0,0.0,0.0,0.0,0.0,0.0,0.0,0.0,0.0,0.0,0.0,0.0
Tài sản lưu động khác,Other current assets,other_current_assets,9696695428.0,7136231157.0,11523319599.0,13374185419.0,13058089597.0,15538433526.0,27024879048.0,28288439209.0,23479104705.0,32891122286.0,35261758879.0,27094286136.0,22840234975.0,25456085600.0,41229134966.0,48733277260.0,51615306784.0,48043591293.0,62999862898.0,69704414617.0,59783192856.0
Chi phí trả trước ngắn hạn,Short-term prepayments,short_term_prepayments,6039459021.0,3090179232.0,7639774596.0,8895608206.0,9501959735.0,11804630388.0,23228521617.0,24463407079.0,19015523916.0,28812859392.0,31279858510.0,19703801475.0,15513630849.0,17385751053.0,24697495919.0,34744281730.0,38304831078.0,32501608608.0,44740522090.0,49456708495.0,47324655325.0
Thuế GTGT được khấu trừ,VAT to be claimed,vat_to_be_claimed,3655328994.0,3887186616.0,3883545003.0,4478577213.0,3502374677.0,3680047953.0,3742602246.0,3771276945.0,3778929648.0,4078262894.0,3928145184.0,7336729476.0,6695708170.0,8070334547.0,13170833545.0,10438097380.0,10048380644.0,9104836169.0,12171422216.0,15542392050.0,8572797373.0
Phải thu thuế khác,Other taxes receivable,other_taxes_receivable,1907413.0,158865309.0,0.0,0.0,53755185.0,53755185.0,53755185.0,53755185.0,684651141.0,0.0,53755185.0,53755185.0,630895956.0,0.0,3360805502.0,3550898150.0,3262095062.0,6437146516.0,6087918592.0,4705314072.0,3885740158.0
Tài sản lưu động khác,Other current assets,other_current_assets,0.0,0.0,0.0,0.0,0.0,0.0,0.0,0.0,0.0,0.0,0.0,0.0,0.0,0.0,0.0,0.0,0.0,0.0,0.0,0.0,0.0
TÀI SẢN DÀI HẠN,LONG-TERM ASSETS,long_term_assets,833147686680.0,932687294381.0,1146517198200.0,1327134980714.0,1505595712723.0,1724773770733.0,2071978366573.0,2235366271131.0,2687725223408.0,3023894887303.0,3417058018606.0,3463748402438.0,3769972838540.0,3878544109419.0,4368011054921.0,4555501399665.0,5012282718847.0,5795483382278.0,6438201542044.0,7120695638348.0,7878664132483.0
Phải thu dài hạn,Long-term trade receivables,long_term_trade_receivables,102310194158.0,101159720600.0,99020809256.0,104437101106.0,99271515961.0,94213101892.0,90069384645.0,77427014200.0,79037014200.0,125593951700.0,124399889200.0,178902679200.0,165833425389.0,178139303034.0,223711119764.0,227594381963.0,223797822763.0,233267200638.0,260322902238.0,270829178708.0,421651164881.0
Phải thu khách hàng dài hạn,Long-term trade receivables from customers,long_term_trade_receivables_from_customers,0.0,0.0,0.0,0.0,0.0,0.0,0.0,0.0,0.0,0.0,0.0,0.0,0.0,0.0,0.0,0.0,0.0,0.0,0.0,0.0,0.0
Phải thu nội bộ dài hạn,Long-term intercompany receivables,long_term_intercompany_receivables,0.0,0.0,0.0,0.0,0.0,0.0,0.0,0.0,0.0,0.0,0.0,0.0,0.0,0.0,0.0,0.0,0.0,0.0,0.0,0.0,0.0
Phải thu dài hạn khác,Other long-term receivables,other_long_term_receivables,82869400000.0,82869400000.0,81910000000.0,83535625000.0,81910000000.0,84560000000.0,86620000000.0,76827014200.0,78512014200.0,125143951700.0,124024889200.0,178602679200.0,165833425389.0,178139303034.0,223711119764.0,227594381963.0,223797822763.0,233267200638.0,260322902238.0,270829178708.0,421651164881.0
Dự phòng phải thu dài hạn,Provision for doubtful LT receivable,provision_for_doubtful_lt_receivable,0.0,0.0,0.0,0.0,0.0,0.0,0.0,0.0,0.0,0.0,0.0,0.0,0.0,0.0,0.0,0.0,0.0,0.0,0.0,0.0,0.0
Tài sản cố định,Fixed assets,fixed_assets,397601419831.0,384214023275.0,541169343321.0,566308082767.0,732621026038.0,880817542154.0,1096238411819.0,1070316228029.0,1082456096603.0,1412680465599.0,1615397212772.0,1529086588504.0,1776895512220.0,1799814452613.0,2394359900776.0,2415598958308.0,3014294905811.0,2981463974864.0,3457518549018.0,3584182996506.0,3909310954979.0
GTCL TSCĐ hữu hình,Tangible fixed assets,tangible_fixed_assets,215940959049.0,202589682867.0,359554248281.0,377942453331.0,525196714187.0,673834644903.0,889121902643.0,882704497249.0,894949298441.0,1225587437399.0,1428176667041.0,1522947671737.0,1756462377449.0,1780193893537.0,2370091495437.0,2374096665804.0,2951469340472.0,2918291122619.0,3311518714313.0,3359859546091.0,3659853415436.0
Nguyên giá TSCĐ hữu hình,Cost,cost,273151596312.0,265543090014.0,447766157987.0,471640909196.0,627675960019.0,789271243494.0,1048316645849.0,1063064213785.0,1096318187490.0,1452021955014.0,1684192257957.0,1812338471453.0,2083547294254.0,2139799600743.0,2799386400242.0,2846020527149.0,3488007176394.0,3514067308154.0,3978274414612.0,4086504907304.0,4462408962935.0
Khấu hao lũy kế TSCĐ hữu hình,Accumulated depreciation,accumulated_depreciation,-57210637263.0,-62953407147.0,-88211909706.0,-93698455865.0,-102479245832.0,-115436598591.0,-159194743206.0,-180359716536.0,-201368889049.0,-226434517615.0,-256015590916.0,-289390799716.0,-327084916805.0,-359605707206.0,-429294904805.0,-471923861345.0,-536537835922.0,-595776185535.0,-666755700299.0,-726645361213.0,-802555547499.0
GTCL tài sản thuê tài chính,Finance lease assets,finance_lease_assets,0.0,0.0,0.0,0.0,0.0,0.0,0.0,0.0,0.0,0.0,0.0,0.0,13962133032.0,13589338377.0,18544007818.0,36343817614.0,58107453923.0,58646126756.0,126863154332.0,205749302204.0,229984273571.0
Nguyên giá tài sản thuê tài chính,Cost,cost,0.0,0.0,0.0,0.0,0.0,0.0,0.0,0.0,0.0,0.0,0.0,0.0,14086397917.0,14086397917.0,19505272157.0,38698982077.0,61229738735.0,63350327698.0,133825560443.0,217419637407.0,247489039249.0
Khấu hao lũy kế tài sản thuê tài chính,Accumulated depreciation,accumulated_depreciation,0.0,0.0,0.0,0.0,0.0,0.0,0.0,0.0,0.0,0.0,0.0,0.0,-124264885.0,-497059540.0,-961264339.0,-2355164463.0,-3122284812.0,-4704200942.0,-6962406111.0,-11670335203.0,-17504765678.0
GTCL tài sản cố định vô hình,Intangible fixed assets,intangible_fixed_assets,181660460782.0,181624340408.0,181615095040.0,188365629436.0,207424311851.0,206982897251.0,207116509176.0,187611730780.0,187506798162.0,187093028200.0,187220545731.0,6138916767.0,6471001739.0,6031220699.0,5724397521.0,5158474890.0,4718111416.0,4526725489.0,19136680373.0,18574148211.0,19473265972.0
Nguyên giá TSCĐ vô hình,Cost,cost,182095526000.0,182095526000.0,182203026000.0,191189186000.0,211857871376.0,211947871376.0,212584171376.0,191965486000.0,192265486000.0,192265486000.0,192815486000.0,11966176000.0,12723426000.0,12723426000.0,12851946000.0,12696261000.0,12696261000.0,12933667444.0,27992232944.0,28289282944.0,30069836444.0
Khấu hao lũy kế TSCĐ vô hình,Accumulated depreciation,accumulated_depreciation,-435065218.0,-471185592.0,-587930960.0,-2823556564.0,-4433559525.0,-4964974125.0,-5467662200.0,-4353755220.0,-4758687838.0,-5172457800.0,-5594940269.0,-5827259233.0,-6252424261.0,-6692205301.0,-7127548479.0,-7537786110.0,-7978149584.0,-8406941955.0,-8855552571.0,-9715134733.0,-10596570472.0
Xây dựng cơ bản đang dang dở (trước 2015),Construction in progress (before 2015),construction_in_progress_before_2015,0.0,0.0,0.0,0.0,0.0,0.0,0.0,0.0,0.0,0.0,0.0,0.0,0.0,0.0,0.0,0.0,0.0,0.0,0.0,0.0,0.0
Giá trị ròng tài sản đầu tư,Investment properties,investment_properties,15044453698.0,14978685190.0,14912916682.0,14847148174.0,14781379666.0,14715611158.0,14649842650.0,0.0,0.0,0.0,0.0,0.0,0.0,0.0,0.0,0.0,0.0,0.0,0.0,0.0,0.0
Nguyên giá tài sản đầu tư,Cost,cost,15175990712.0,15175990712.0,15175990712.0,15175990712.0,15175990712.0,15175990712.0,15175990712.0,0.0,0.0,0.0,0.0,0.0,0.0,0.0,0.0,0.0,0.0,0.0,0.0,0.0,0.0
Khấu hao lũy kế tài sản đầu tư,Accumulated depreciation,accumulated_depreciation,-131537014.0,-197305522.0,-263074030.0,-328842538.0,-394611046.0,-460379554.0,-526148062.0,0.0,0.0,0.0,0.0,0.0,0.0,0.0,0.0,0.0,0.0,0.0,0.0,0.0,0.0
Đầu tư dài hạn,Long-term investments,long_term_investments,63695853748.0,63695853748.0,63274638996.0,63274638996.0,43530416281.0,43634276474.0,30373795181.0,29755972462.0,250000000.0,250000000.0,250000000.0,250000000.0,0.0,250000000.0,0.0,0.0,0.0,0.0,0.0,0.0,0.0
Đầu tư vào các công ty con,Investments in subsidiaries,investments_in_subsidiaries,0.0,0.0,0.0,0.0,0.0,0.0,0.0,0.0,0.0,0.0,0.0,0.0,0.0,0.0,0.0,0.0,0.0,0.0,0.0,0.0,0.0
Đầu tư vào các công ty liên kết,Investments in associates,investments_in_associates,63695853748.0,64024187416.0,63274638996.0,63274638996.0,43530416281.0,43634276474.0,0.0,0.0,0.0,0.0,0.0,0.0,0.0,0.0,0.0,0.0,0.0,0.0,0.0,0.0,0.0
Đầu tư dài hạn khác,Other long-term investments,other_long_term_investments,0.0,0.0,0.0,0.0,0.0,0.0,30373795181.0,29505972462.0,0.0,0.0,0.0,0.0,0.0,0.0,0.0,0.0,0.0,0.0,0.0,0.0,0.0
Dự phòng giảm giá đầu tư dài hạn,Provision for long-term investments,provision_for_long_term_investments,0.0,-328333668.0,0.0,0.0,0.0,0.0,0.0,0.0,0.0,0.0,0.0,0.0,0.0,0.0,0.0,0.0,0.0,0.0,0.0,0.0,0.0
Lợi thế thương mại (trước 2015),Goodwill (before 2015),goodwill_before_2015,0.0,0.0,0.0,0.0,0.0,0.0,0.0,0.0,0.0,0.0,0.0,0.0,0.0,0.0,0.0,0.0,0.0,0.0,0.0,0.0,0.0
Tài sản dài hạn khác,Other long-term assets,other_long_term_assets,185127599144.0,181286521613.0,179937522154.0,262492605953.0,356987412058.0,395735179515.0,496833248876.0,509153583853.0,551289235299.0,669803745604.0,771912616860.0,823243613117.0,801839508347.0,809022256697.0,858435966547.0,923521831781.0,1042577769151.0,1266127923176.0,1328182117049.0,698271752630.0,704556960338.0
Trả trước dài hạn,Long-term prepayments,long_term_prepayments,181373739806.0,177617994771.0,175676820790.0,258348318274.0,350855290880.0,385614532976.0,462198465440.0,501557539353.0,542004025490.0,661460576895.0,706355213030.0,744567593370.0,785369929996.0,764506725823.0,848366480327.0,912647082074.0,1025410746183.0,1249218170310.0,1273557175808.0,643687555492.0,648879744614.0
Thuế thu nhập hoãn lại,Deferred income tax assets,deferred_income_tax_assets,0.0,0.0,0.0,0.0,2104247183.0,0.0,0.0,4774928657.0,6558830478.0,5711525891.0,34354760745.0,36126941345.0,14122145070.0,5526979447.0,7911525964.0,8811525964.0,15198535737.0,14671203657.0,52845927035.0,52899919445.0,54087674543.0
Các tài sản dài hạn khác,Other long-term assets,other_long_term_assets,0.0,0.0,0.0,0.0,0.0,0.0,0.0,0.0,0.0,0.0,0.0,0.0,0.0,0.0,0.0,0.0,0.0,0.0,0.0,1684277693.0,1589541181.0
TỔNG CỘNG TÀI SẢN,Total Assets,total_assets,6966531804589.0,7483162607744.0,5457245169693.0,4149362632788.0,4788443949087.0,5119228907448.0,4908321621684.0,5989934122834.0,6377582813470.0,6729484704434.0,6574031043296.0,6760644706864.0,7267091297860.0,6958829956665.0,7449030044505.0,8588097447723.0,8501762179192.0,9606280999854.0,10780028795300.0,12173071927450.0,13516078927288.0
NỢ PHẢI TRẢ,Liabilities,liabilities,6196738430944.0,6106441526357.0,4002383380045.0,2606828582155.0,3205489561270.0,3378101515830.0,3160392328647.0,4089918486707.0,4463193828103.0,4790426308009.0,4667434049099.0,4733668137671.0,5204160447705.0,4124854498380.0,4513278390887.0,5518799674829.0,4222203478366.0,5304248898915.0,6715907354731.0,7902748915837.0,9160118385188.0
Nợ ngắn hạn,Current liabilities,current_liabilities,5952763450556.0,5866077214398.0,3852923282268.0,2353153938655.0,2889826349200.0,2718196448879.0,2468064800047.0,2919339099610.0,3276925452323.0,3200872015425.0,3057062684483.0,3100168751577.0,3485673966799.0,2449943767722.0,3064578385158.0,3069215784449.0,2167774793117.0,3356799176602.0,4331765436897.0,4305077147245.0,5420482213993.0
Vay ngắn hạn,Short-term borrowings,short_term_borrowings,44610640000.0,35110640000.0,16142889077.0,11945202617.0,110848286767.0,249115206782.0,264400597034.0,302693188124.0,409450187977.0,626971129360.0,703663315465.0,853040054633.0,835673265666.0,665889451768.0,1138706986931.0,1255840407370.0,1024796812444.0,1567339667874.0,2178955478505.0,1993487110515.0,3018948077606.0
Phải trả người bán,Trade accounts payable,trade_accounts_payable,5798483395018.0,5618837091031.0,3774329848165.0,2042841744043.0,2612085226515.0,2128589155675.0,1933818087035.0,2455863988171.0,2764925941366.0,2387423906014.0,2204904214362.0,1968345125910.0,1734742111856.0,1497595314448.0,1771091171271.0,1563661101954.0,988466047108.0,1584895519916.0,1991888458950.0,2084806155821.0,2102364674114.0
Người mua trả tiền trước,Advances from customers,advances_from_customers,153929400.0,93341574850.0,1445709084.0,217608804333.0,94500331195.0,250268659891.0,149914500819.0,13613360285.0,1972612308.0,1450377387.0,31395012570.0,49059384300.0,71933037535.0,78262118699.0,5276042960.0,5682093231.0,5166060830.0,10154010744.0,6010055855.0,3324936977.0,6763298466.0
Thuế và các khoản phải trả Nhà nước,Taxes and other payable to State Budget,taxes_and_other_payable_to_state_budget,44252088829.0,52636464770.0,14479269068.0,33983788106.0,39437624041.0,45408154607.0,55677903383.0,56480609177.0,7106538938.0,7088805438.0,18024915017.0,39901732558.0,39402697417.0,33200309218.0,62323789180.0,11449642010.0,20372553975.0,23433452586.0,23614451171.0,12975184504.0,18990021361.0
Phải trả người lao động,Payable to employees,payable_to_employees,5479020176.0,7500110393.0,9600905410.0,8440991947.0,10146687152.0,9133850146.0,21362766152.0,13697859375.0,16005534469.0,18899817953.0,34419808437.0,20268788240.0,20883834060.0,24233068075.0,38579689556.0,37506785106.0,42400348559.0,19297790112.0,75885060524.0,64952564392.0,62228649051.0
Chi phí phải trả,Accrued expenses,accrued_expenses,1013790771.0,1462795763.0,2548750000.0,8440979685.0,3629908235.0,19156000204.0,26672299929.0,33279741111.0,64515802499.0,73005358913.0,47273165736.0,38418319637.0,67842906932.0,41611716340.0,47170294972.0,52024509876.0,74432655107.0,141134962877.0,39216335175.0,117668829783.0,161046813266.0
Phải trả nội bộ,Intercompany payables,intercompany_payables,0.0,0.0,0.0,0.0,0.0,0.0,0.0,0.0,0.0,0.0,0.0,0.0,0.0,0.0,0.0,0.0,0.0,0.0,0.0,0.0,0.0
Phải trả về xây dựng cơ bản,Construction contract in progress payables,construction_contract_in_progress_payables,0.0,0.0,0.0,0.0,0.0,0.0,0.0,0.0,0.0,0.0,0.0,0.0,0.0,0.0,0.0,0.0,0.0,0.0,0.0,0.0,0.0
Phải trả khác,Other payables,other_payables,58770586362.0,57188537591.0,34375911464.0,29892427924.0,19178285295.0,16525421574.0,16218645695.0,43710353367.0,12948834766.0,86032620360.0,17382252896.0,131135346299.0,715196113333.0,109151789174.0,1430410288.0,143051244902.0,12140315094.0,10334345992.0,16195596717.0,27659455547.0,49950804013.0
Dự phòng các khoản phải trả ngắn hạn,Provision for ST liabilities,provision_for_st_liabilities,0.0,0.0,0.0,0.0,0.0,0.0,0.0,0.0,0.0,0.0,0.0,0.0,0.0,0.0,0.0,0.0,0.0,0.0,0.0,0.0,0.0
"Quỹ khen thưởng, phúc lợi",Bonus and welfare funds,bonus_and_welfare_funds,0.0,0.0,0.0,0.0,0.0,0.0,0.0,0.0,0.0,0.0,0.0,0.0,0.0,0.0,0.0,0.0,0.0,0.0,0.0,0.0,0.0
Nợ dài hạn,Long-term liabilities,long_term_liabilities,243974980388.0,240364311959.0,149460097777.0,253674643500.0,315663212070.0,659905066951.0,692327528600.0,1170579387097.0,1186268375780.0,1589554292584.0,1610371364616.0,1633499386094.0,1718486480906.0,1674910730658.0,1448700005729.0,2449583890380.0,2054428685249.0,1947449722313.0,2384141917834.0,3597671768592.0,3739636171195.0
Phải trả nhà cung cấp dài hạn,Long-term trade payables,long_term_trade_payables,184000000000.0,0.0,0.0,0.0,0.0,0.0,0.0,0.0,0.0,0.0,0.0,0.0,0.0,0.0,0.0,0.0,0.0,0.0,36687475369.0,36687475369.0,0.0
Phải trả nội bộ dài hạn,Long-term intercompany payables,long_term_intercompany_payables,0.0,0.0,0.0,0.0,0.0,0.0,0.0,0.0,0.0,0.0,0.0,0.0,0.0,0.0,0.0,0.0,0.0,0.0,0.0,0.0,0.0
Phải trả dài hạn khác,Other long-term payables,other_long_term_payables,0.0,184000000000.0,0.0,0.0,0.0,0.0,0.0,0.0,0.0,0.0,0.0,0.0,0.0,0.0,0.0,1006620000000.0,0.0,0.0,40487000000.0,0.0,0.0
Vay dài hạn,Long-term borrowings,long_term_borrowings,58905971959.0,56364311959.0,146937153321.0,254004558278.0,308744133812.0,655004971707.0,691408054280.0,1168775749706.0,766777833942.0,1149686234074.0,1156062173955.0,1169882903456.0,1247272586933.0,1201431275673.0,965305230814.0,953735642093.0,1558599951559.0,1445790204046.0,1798442357590.0,3046100333367.0,3218147552885.0
Thuế thu nhập hoãn lại,Deferred income tax liabilities,deferred_income_tax_liabilities,1069008429.0,0.0,2522944456.0,-329914778.0,6919078258.0,4900095244.0,919474320.0,1803637391.0,1803637391.0,1803637391.0,1803637391.0,5695976446.0,7642947980.0,4195976446.0,8148190262.0,8148190262.0,8675522342.0,8148190262.0,8414049024.0,8414049024.0,8414049024.0
Dự phòng trợ cấp thôi việc,Provision for severance allowances,provision_for_severance_allowances,0.0,0.0,0.0,0.0,0.0,0.0,0.0,0.0,0.0,0.0,0.0,0.0,0.0,0.0,0.0,0.0,0.0,0.0,0.0,0.0,0.0
Dự phòng các khoản nợ dài hạn,Provision for long-term liabilities,provision_for_long_term_liabilities,0.0,0.0,0.0,0.0,0.0,0.0,0.0,0.0,0.0,0.0,0.0,0.0,0.0,0.0,0.0,0.0,0.0,0.0,0.0,0.0,0.0
Doanh thu chưa thực hiện,Deferred revenue,deferred_revenue,0.0,0.0,0.0,0.0,0.0,0.0,0.0,0.0,0.0,0.0,0.0,0.0,0.0,0.0,0.0,0.0,0.0,0.0,0.0,0.0,0.0
Quỹ phát triển khoa học công nghệ,Technology-science development fund,technology_science_development_fund,0.0,0.0,0.0,0.0,0.0,0.0,0.0,0.0,0.0,0.0,0.0,0.0,0.0,0.0,0.0,0.0,0.0,0.0,0.0,0.0,0.0
Vốn chủ sở hữu,Owner's Equity,owners_equity,769793373645.0,1376721081387.0,1454861789648.0,1542534050633.0,1582954387817.0,1741127391618.0,1747929293037.0,1900015636127.0,1914388985367.0,1939058396425.0,1906596994197.0,2026976569193.0,2062930850155.0,2833975458285.0,2935751653618.0,3069297772894.0,4279558700826.0,4302032100939.0,4064121440569.0,4270323011613.0,4355960542100.0
Vốn và các quỹ,Capital and reserves,capital_and_reserves,769793373645.0,1376721081387.0,1454861789648.0,1542534050633.0,1582954387817.0,1741127391618.0,1747929293037.0,1900015636127.0,1914388985367.0,1939058396425.0,1906596994197.0,2026976569193.0,2062930850155.0,2833975458285.0,2935751653618.0,3069297772894.0,4279558700826.0,4302032100939.0,4064121440569.0,4270323011613.0,4355960542100.0
Vốn góp,Paid-in capital,paid_in_capital,500000000000.0,780000000000.0,780000000000.0,780000000000.0,1435200000000.0,1435200000000.0,1435200000000.0,1435200000000.0,1435200000000.0,1435200000000.0,1435200000000.0,1435200000000.0,1679180420000.0,2390216420000.0,2390216420000.0,2390216420000.0,3040216420000.0,3040216420000.0,3040216420000.0,3040216420000.0,3040216420000.0
Thặng dư vốn cổ phần,Share premium,share_premium,0.0,279844500000.0,279844500000.0,279844500000.0,0.0,0.0,0.0,0.0,0.0,0.0,0.0,0.0,0.0,0.0,0.0,0.0,356620000000.0,356620000000.0,356620000000.0,356620000000.0,52603680000.0
Vốn khác,Owner's other capital,owners_other_capital,0.0,0.0,0.0,0.0,0.0,0.0,0.0,0.0,0.0,0.0,0.0,0.0,0.0,0.0,0.0,0.0,0.0,0.0,0.0,0.0,608032640000.0
Cổ phiếu quỹ,Treasury shares,treasury_shares,0.0,0.0,0.0,0.0,0.0,0.0,0.0,0.0,0.0,0.0,0.0,0.0,0.0,0.0,0.0,0.0,0.0,0.0,0.0,0.0,0.0
Chênh lệch đánh giá lại tài sản,Differences upon asset revaluation,differences_upon_asset_revaluation,0.0,0.0,0.0,0.0,0.0,0.0,0.0,0.0,0.0,0.0,0.0,0.0,0.0,0.0,0.0,0.0,0.0,0.0,0.0,0.0,0.0
Chênh lệch tỷ giá,Foreign exchange differences,foreign_exchange_differences,0.0,0.0,0.0,0.0,0.0,0.0,0.0,0.0,0.0,0.0,0.0,0.0,0.0,0.0,0.0,0.0,0.0,0.0,0.0,0.0,0.0
Quỹ đầu tư và phát triển,Investment and development funds,investment_and_development_funds,0.0,0.0,0.0,0.0,0.0,0.0,0.0,0.0,0.0,0.0,0.0,0.0,0.0,0.0,0.0,0.0,0.0,0.0,0.0,0.0,0.0
Quỹ dự phòng tài chính,Financial reserve funds,financial_reserve_funds,0.0,0.0,0.0,0.0,0.0,0.0,0.0,0.0,0.0,0.0,0.0,0.0,0.0,0.0,0.0,0.0,0.0,0.0,0.0,0.0,0.0
Quỹ khác,Other funds,other_funds,0.0,0.0,0.0,0.0,0.0,0.0,0.0,0.0,0.0,0.0,0.0,0.0,0.0,0.0,0.0,0.0,0.0,0.0,0.0,0.0,0.0
Lãi chưa phân phối,Undistributed earnings,undistributed_earnings,266719248759.0,311806576661.0,387366626159.0,475034752165.0,139710371053.0,297516545871.0,304068842467.0,301650112934.0,310048762876.0,349189557867.0,317859340817.0,444390097295.0,234852555983.0,295207852126.0,398258489337.0,530705537583.0,740775109596.0,761415814184.0,525179035393.0,731179646799.0,512599183093.0
Quỹ hỗ trợ sắp xếp doanh nghiệp,Enterprise arrangement fund,enterprise_arrangement_fund,0.0,0.0,0.0,0.0,0.0,0.0,0.0,0.0,0.0,0.0,0.0,0.0,0.0,0.0,0.0,0.0,0.0,0.0,0.0,0.0,0.0
Vốn Ngân sách nhà nước và quỹ khác,Budget sources and other funds,budget_sources_and_other_funds,0.0,0.0,0.0,0.0,0.0,0.0,0.0,0.0,0.0,0.0,0.0,0.0,0.0,0.0,0.0,0.0,0.0,0.0,0.0,0.0,0.0
"Quỹ khen thưởng, phúc lợi (trước 2010)",Bonus and welfare funds (Before 2010),bonus_and_welfare_funds_before_2010,0.0,0.0,0.0,0.0,0.0,0.0,0.0,0.0,0.0,0.0,0.0,0.0,0.0,0.0,0.0,0.0,0.0,0.0,0.0,0.0,0.0
Vốn ngân sách nhà nước và quỹ khác,Budget sources and other funds,budget_sources_and_other_funds,0.0,0.0,0.0,0.0,0.0,0.0,0.0,0.0,0.0,0.0,0.0,0.0,0.0,0.0,0.0,0.0,0.0,0.0,0.0,0.0,0.0
Lợi ích của cổ đông thiểu số,Minority interests (Before 2015),minority_interests_before_2015,0.0,0.0,0.0,0.0,0.0,0.0,0.0,0.0,0.0,0.0,0.0,0.0,0.0,0.0,0.0,0.0,0.0,0.0,0.0,0.0,0.0
Tổng cộng nguồn vốn,Total resource,total_resource,6966531804589.0,7483162607744.0,5457245169693.0,4149362632788.0,4788443949087.0,5119228907448.0,4908321621684.0,5989934122834.0,6377582813470.0,6729484704434.0,6574031043296.0,6760644706864.0,7267091297860.0,6958829956665.0,7449030044505.0,8588097447723.0,8501762179192.0,9606280999854.0,10780028795300.0,12173071927450.0,13516078927288.0
Cổ phiếu ưu đãi,Preferred shares,preferred_shares,,,,,,,,,,,,,,,,,,,,,
Đầu tư nắm giữ đến ngày đáo hạn,Held-to-maturity investment,held_to_maturity_investment,12000000000.0,12000000000.0,0.0,0.0,54550000000.0,100000000000.0,140000000000.0,100000000000.0,332000000000.0,330000000000.0,315000000000.0,346000000000.0,297525000000.0,323275000000.0,290692994520.0,316342994520.0,245712306923.0,360766119057.0,478318619057.0,538125575100.0,770931664070.0
Vốn kinh doanh ở các đơn vị trực thuộc,Paid-in capital in wholly-owned subsidiaries,paid_in_capital_in_wholly_owned_subsidiaries,0.0,0.0,0.0,0.0,0.0,0.0,0.0,0.0,0.0,0.0,0.0,0.0,0.0,0.0,0.0,0.0,0.0,0.0,0.0,0.0,0.0
Tài sản thiếu cần xử lý,Shortage of current assets waiting for solution,shortage_of_current_assets_waiting_for_solution,86658002.0,86658002.0,86658002.0,87651252.0,87651252.0,87651252.0,87651252.0,87651252.0,183581017.0,87651252.0,87651252.0,87750252.0,87651252.0,87651252.0,993133.0,0.0,0.0,1784407599.0,0.0,128484605.0,0.0
Phải thu cho vay ngắn hạn,Short-term loans receivables,short_term_loans_receivables,0.0,0.0,0.0,0.0,0.0,0.0,0.0,1000000000.0,853600000.0,942356640.0,0.0,0.0,225000000.0,150000000.0,75000000.0,0.0,201300000.0,186600000.0,174600000.0,0.0,0.0
Giao dịch mua bán lại trái phiếu Chính phủ,Government bonds purchased for resale,government_bonds_purchased_for_resale,0.0,0.0,0.0,0.0,0.0,0.0,0.0,0.0,0.0,0.0,0.0,0.0,0.0,0.0,0.0,0.0,0.0,0.0,0.0,0.0,0.0
Trả trước người bán dài hạn,Long-term prepayments to suppliers,long_term_prepayments_to_suppliers,0.0,0.0,0.0,0.0,0.0,2400000000.0,0.0,0.0,0.0,0.0,0.0,0.0,0.0,0.0,0.0,0.0,0.0,0.0,0.0,0.0,0.0
Phải thu cho vay dài hạn,Long-term loans receivables,long_term_loans_receivables,19440794158.0,18290320600.0,17110809256.0,20901476106.0,17361515961.0,7253101892.0,3449384645.0,600000000.0,525000000.0,450000000.0,375000000.0,300000000.0,0.0,0.0,0.0,0.0,0.0,0.0,0.0,0.0,0.0
Tài sản dở dang dài hạn,Long-term incomplete assets,long_term_incomplete_assets,69368166101.0,187352489955.0,248201967791.0,315775403718.0,258403962719.0,295658059540.0,343813683402.0,548713472587.0,974692877306.0,815566724400.0,905098299774.0,932265521617.0,1025404392584.0,1091318097075.0,891504067834.0,988786227613.0,731612221122.0,1314624283600.0,1392177973739.0,1872666848124.0,2084508638462.0
"Chi phí sản xuất, kinh doanh dở dang dài hạn",Long-term cost of work in progress,long_term_cost_of_work_in_progress,0.0,0.0,0.0,0.0,0.0,0.0,0.0,0.0,13232800.0,0.0,0.0,0.0,0.0,0.0,0.0,0.0,0.0,0.0,0.0,0.0,0.0
Đầu tư nắm giữ đến ngày đáo hạn,Held-to-maturity investment,held_to_maturity_investment,0.0,0.0,0.0,0.0,0.0,0.0,0.0,250000000.0,250000000.0,250000000.0,250000000.0,250000000.0,0.0,250000000.0,0.0,0.0,0.0,0.0,0.0,0.0,0.0
"Thiết bị, vật tư, phụ tùng thay thế dài hạn","Long-term equipment, material and spare parts",long_term_equipment_material_and_spare_parts,0.0,0.0,0.0,0.0,0.0,0.0,0.0,0.0,0.0,0.0,0.0,0.0,0.0,0.0,0.0,0.0,0.0,0.0,0.0,0.0,0.0
Doanh thu chưa thực hiện ngắn hạn,Short-term unrealized revenue,short_term_unrealized_revenue,0.0,0.0,0.0,0.0,0.0,0.0,0.0,0.0,0.0,0.0,0.0,0.0,0.0,0.0,0.0,0.0,0.0,209426501.0,0.0,202909706.0,189876116.0
Quỹ bình ổn giá,Price stabilization fund,price_stabilization_fund,0.0,0.0,0.0,0.0,0.0,0.0,0.0,0.0,0.0,0.0,0.0,0.0,0.0,0.0,0.0,0.0,0.0,0.0,0.0,0.0,0.0
Giao dịch mua bán lại trái phiếu chính phủ,Government bonds purchased for resale,government_bonds_purchased_for_resale,0.0,0.0,0.0,0.0,0.0,0.0,0.0,0.0,0.0,0.0,0.0,0.0,0.0,0.0,0.0,0.0,0.0,0.0,0.0,0.0,0.0
Người mua trả tiền trước dài hạn,Long-term advances from customers,long_term_advances_from_customers,0.0,0.0,0.0,0.0,0.0,0.0,0.0,0.0,0.0,0.0,0.0,0.0,0.0,0.0,0.0,0.0,0.0,0.0,0.0,0.0,0.0
Chi phí phải trả dài hạn,Long-term accrued expenses,long_term_accrued_expenses,0.0,0.0,0.0,0.0,0.0,0.0,0.0,0.0,0.0,0.0,0.0,0.0,0.0,0.0,0.0,0.0,0.0,0.0,0.0,0.0,0.0
Phải trả nội bộ về vốn kinh doanh,Intra-company payables for operating capital received,intra_company_payables_for_operating_capital_received,0.0,0.0,0.0,0.0,0.0,0.0,0.0,0.0,0.0,0.0,0.0,0.0,0.0,0.0,0.0,0.0,0.0,0.0,0.0,0.0,0.0
Trái phiếu chuyển đổi,Convertible bonds,convertible_bonds,0.0,0.0,0.0,0.0,0.0,0.0,0.0,0.0,417686904447.0,438064421119.0,452505553270.0,457920506192.0,463570945993.0,469283478539.0,475246584653.0,481080058025.0,487153211348.0,493511328005.0,500111035851.0,506469910832.0,513074569286.0
Cổ phiếu ưu đãi,Preferred shares,preferred_shares,0.0,0.0,0.0,0.0,0.0,0.0,0.0,0.0,0.0,0.0,0.0,0.0,0.0,0.0,0.0,0.0,0.0,0.0,0.0,0.0,0.0
Cổ phiếu phổ thông,Common shares,common_shares,500000000000.0,780000000000.0,780000000000.0,780000000000.0,1435200000000.0,1435200000000.0,1435200000000.0,1435200000000.0,1435200000000.0,1435200000000.0,1435200000000.0,1435200000000.0,1679180420000.0,2390216420000.0,2390216420000.0,2390216420000.0,3040216420000.0,3040216420000.0,3040216420000.0,3040216420000.0,3040216420000.0
Quyền chọn chuyển đổi trái phiếu,Conversion options on convertible bonds,conversion_options_on_convertible_bonds,0.0,0.0,0.0,0.0,0.0,0.0,0.0,153441236714.0,161135571787.0,145746901641.0,137648613977.0,137648613977.0,137648613977.0,137648613977.0,137648613977.0,137648613977.0,137648613977.0,137648613977.0,137648613977.0,137648613977.0,137648613977.0
LNST chưa phân phối lũy kế đến cuối kỳ trước,Beginning accumulated undistributed earnings,beginning_accumulated_undistributed_earnings,65602091168.0,66592205560.0,65602860188.0,387323307977.0,11967807977.0,11967807977.0,11967807977.0,298655201455.0,298474938661.0,298655201455.0,298655201455.0,324866540588.0,80886120588.0,80882540588.0,80886120588.0,398258489337.0,398258489337.0,398258489337.0,398258489337.0,525179035393.0,202113172647.0
LNST chưa phân phối kỳ này,Current period undistributed earnings,current_period_undistributed_earnings,201117157591.0,245214371101.0,321763765971.0,87711444188.0,127742563076.0,285548737894.0,292101034490.0,2994911479.0,11573824215.0,50534356412.0,19204139362.0,119523556707.0,153966435395.0,214325311538.0,317372368749.0,132447048246.0,342516620259.0,363157324847.0,126920546056.0,206000611406.0,310486010446.0
Xây dựng cơ bản đang dở dang,Construction in progress,construction_in_progress,69368166101.0,187352489955.0,248201967791.0,315775403718.0,258403962719.0,295658059540.0,343813683402.0,548713472587.0,974679644506.0,815566724400.0,905098299774.0,932265521617.0,1025404392584.0,1091318097075.0,891504067834.0,988786227613.0,731612221122.0,1314624283600.0,1392177973739.0,1872666848124.0,2084508638462.0
Lợi thế thương mại,Goodwill,goodwill,3753859338.0,3668526842.0,4260701364.0,4144287679.0,4027873995.0,10120646539.0,34634783436.0,2821115843.0,2726379331.0,2631642818.0,31202643085.0,42549078402.0,2347433281.0,38988551427.0,2157960256.0,2063223743.0,1968487231.0,2238549209.0,1779014206.0,0.0,0.0
Lợi ích cổ đông không kiểm soát,Minority interests,minority_interests,3074124886.0,5070004726.0,7650663489.0,7654798468.0,8044016764.0,8410845747.0,8660450570.0,9724286479.0,8004650704.0,8921936917.0,15889039403.0,9737857921.0,11249260195.0,10902572182.0,9628130304.0,10727201334.0,4298557253.0,6131252778.0,4457371199.0,4658330837.0,4860005030.0
Nguồn kinh phí đã hình thành TSCĐ,Funds used for fixed asset acquisitions,funds_used_for_fixed_asset_acquisitions,0.0,0.0,0.0,0.0,0.0,0.0,0.0,0.0,0.0,0.0,0.0,0.0,0.0,0.0,0.0,0.0,0.0,0.0,0.0,0.0,0.0
