item,item_en,item_id,2018-Q2,2018-Q3,2018-Q4,2019-Q1,2019-Q2,2019-Q3,2019-Q4,2020-Q1,2020-Q2,2020-Q3,2020-Q4,2021-Q1,2021-Q2,2021-Q3,2021-Q4,2022-Q1,2022-Q2,2022-Q3,2022-Q4,2023-Q1,2023-Q2,2023-Q3,2023-Q4,2024-Q1,2024-Q2,2024-Q3,2024-Q4,2025-Q1,2025-Q2,2025-Q3,2025-Q4,2026-Q1,2026-Q2
TÀI SẢN NGẮN HẠN,CURRENT ASSETS,current_assets,18246176233178.0,16751086815333.0,18388278941767.0,17374191422927.0,17680521701940.0,18115408131005.0,20681042568027.0,19871402319693.0,20757910270148.0,21815947894808.0,23096805659510.0,21914093708161.0,21933579524870.0,23213058170121.0,22843448425201.0,22789797795690.0,24144910782611.0,24433688440694.0,23314794279463.0,22405646236419.0,22626045992294.0,23730999678314.0,24185726014345.0,22975130468831.0,23473488226859.0,25448905246384.0,27670285917606.0,28554103345917.0,29210720402401.0,30912273267619.0,32904606406685.0,34159898483536.0,37897604212888.0
Tiền và tương đương tiền,Cash and cash equivalents,cash_and_cash_equivalents,4646066202502.0,3759431541373.0,5161965287049.0,4149218330411.0,4802038719373.0,4458357044277.0,6242486393867.0,4819557673497.0,4182369900678.0,6130627169973.0,6218511805791.0,4658542926895.0,6557563381869.0,7325879254255.0,5328589465301.0,5051844990062.0,5973065064261.0,5139700491513.0,4164223932575.0,3576550266966.0,4301260517988.0,5534414228098.0,5677906729771.0,4611568941115.0,4203672262643.0,5861455764689.0,5778855663194.0,5298973931543.0,5546184333612.0,7488462214080.0,8237433366831.0,8927732424840.0,8272516007792.0
Tiền,Cash,cash,1520728927945.0,1174733076522.0,1711428898734.0,1549007082763.0,990017773982.0,1314494392674.0,1918914096547.0,1022854791891.0,1077335066696.0,1632083196180.0,2094158070851.0,2067712278888.0,1755158457869.0,1863768711955.0,2335554346440.0,2152734405850.0,2173200167375.0,1786200601740.0,2484733624213.0,1578956999355.0,1811812344780.0,2354082903699.0,2276953718454.0,1871368805684.0,1891871262863.0,2678910321917.0,3017617559937.0,2345192474661.0,2238340621921.0,2890492405948.0,3524824180222.0,3664868409125.0,4165837398102.0
Các khoản tương đương tiền,Cash equivalents,cash_equivalents,3125337274557.0,2584698464851.0,3450536388315.0,2600211247648.0,3812020945391.0,3143862651603.0,4323572297320.0,3796702881606.0,3105034833982.0,4498543973793.0,4124353734940.0,2590830648007.0,4802404924000.0,5462110542300.0,2993035118861.0,2899110584212.0,3799864896886.0,3353499889773.0,1679490308362.0,1997593267611.0,2489448173208.0,3180331324399.0,3400953011317.0,2740200135431.0,2311800999780.0,3182545442772.0,2761238103257.0,2953781456882.0,3307843711691.0,4597969808132.0,4712609186609.0,5262864015715.0,4106678609690.0
Đầu tư ngắn hạn,Short-term investments,short_term_investments,5749254892315.0,5482399403351.0,5599664645929.0,5712270528605.0,6076432111864.0,6459994961264.0,7440729415960.0,8046885100262.0,9514527918108.0,9421538771094.0,9776216621332.0,11291352543248.0,8856546888260.0,8879988352636.0,10226655555684.0,9858579071192.0,10172765257467.0,10426562898343.0,11317923768584.0,11012622373894.0,10747900270165.0,10770292321605.0,11227060440101.0,11744350615207.0,12675291563441.0,13025350128653.0,13952353795617.0,14273203266850.0,13804466874518.0,13964786268858.0,14208075274017.0,16938788868276.0,20552468432186.0
Đầu tư ngắn hạn,Short-term investments,short_term_investments,11842666760.0,11842666760.0,11842666760.0,11842666760.0,11842666760.0,6759422760.0,6759422760.0,6759422760.0,6759422760.0,6759422760.0,1163634161.0,1163634161.0,1163634161.0,1163634161.0,1163634161.0,1163634161.0,1163634161.0,1163634161.0,1163634161.0,1163634161.0,1163634161.0,1163634161.0,1163634161.0,1163634161.0,1163634161.0,1163634161.0,1163634161.0,1163634161.0,1163634161.0,1163634161.0,1163634161.0,1163634161.0,1163634161.0
Dự phòng giảm giá,Provision for diminution,provision_for_diminution,-7602965357.0,-7943195570.0,-8446410233.0,-7984804040.0,-7890272012.0,-4287027199.0,-4381510199.0,-4613232407.0,-4379738020.0,-4329069220.0,-68237000.0,-68237000.0,-68237000.0,-68237000.0,-68237000.0,-68237000.0,-68237000.0,-68237000.0,-68237000.0,-68237000.0,-68237000.0,-68237000.0,-68237000.0,-68237000.0,-68237000.0,-68237000.0,-68237000.0,-68237000.0,-68237000.0,-68237000.0,-68237000.0,-68237000.0,-68237000.0
Các khoản phải thu,Accounts receivable,accounts_receivable,2876288924811.0,2416778199651.0,3085560311445.0,3354291212794.0,2634544073651.0,2852285870480.0,2791591516053.0,2715330187983.0,2568756707558.0,2574059423476.0,2924493801010.0,2623980112520.0,2460422770871.0,2567273942566.0,2824495970807.0,3066416310484.0,2475087487158.0,2628383165640.0,2942282328412.0,2766076859077.0,2614569106945.0,2836796871547.0,2866845285207.0,2454746188981.0,2013875917471.0,2401342222827.0,2539074723889.0,3164076304720.0,3213127985217.0,3129221937738.0,2448687340505.0,2743128596298.0,3199772718389.0
Phải thu khách hàng,Trade accounts receivable,trade_accounts_receivable,1312529858898.0,1177110461349.0,1843677738253.0,1194071396349.0,972460725989.0,1056264862155.0,1142673832757.0,1023142179012.0,983093031969.0,977656093229.0,1276415198271.0,901289884570.0,891992616444.0,1105819860168.0,1376118852487.0,1247294926899.0,887243160423.0,1074924677459.0,1428104038118.0,1184733335259.0,1008410096833.0,1190289008911.0,1338911111692.0,1110453370877.0,1076870393504.0,1154227597116.0,1548547265059.0,1309532680645.0,1331858371989.0,1355461378674.0,1545717198992.0,1461358154609.0,1374899919541.0
Trả trước người bán,Prepayments to suppliers,prepayments_to_suppliers,733344342624.0,697968977025.0,570363103773.0,610550137302.0,569363562090.0,526990654169.0,694270576774.0,623846868850.0,577861273042.0,638435663218.0,511842691955.0,530901180661.0,585622722752.0,587994956365.0,527186556053.0,664533205595.0,551565341224.0,603450610207.0,528587126041.0,572938037550.0,451061921699.0,572362989371.0,467989242853.0,575808308010.0,344387288736.0,480584001294.0,354480392462.0,676827100155.0,725496172771.0,677421516242.0,277167608712.0,440473494531.0,525074834458.0
Phải thu nội bộ,Intercompany receivables,intercompany_receivables,0.0,0.0,0.0,0.0,0.0,0.0,0.0,0.0,0.0,0.0,0.0,0.0,0.0,0.0,0.0,0.0,0.0,0.0,0.0,0.0,0.0,0.0,0.0,0.0,0.0,0.0,0.0,0.0,0.0,0.0,0.0,0.0,16986446930.0
Phải thu hợp đồng xây dựng đang thực hiện,Construction contract in progress receivables,construction_contract_in_progress_receivables,0.0,0.0,0.0,0.0,0.0,0.0,0.0,0.0,0.0,0.0,0.0,0.0,0.0,0.0,0.0,0.0,0.0,0.0,0.0,0.0,0.0,0.0,0.0,0.0,0.0,0.0,0.0,0.0,0.0,0.0,0.0,0.0,0.0
Phải thu khác,Other receivables,other_receivables,1274893500356.0,1023803316229.0,1257310075789.0,1669412291667.0,1240322512279.0,1494546019816.0,1114519227583.0,1246103176345.0,1187999311950.0,1127569157921.0,1298533057396.0,1356669721771.0,1159780790064.0,1034563499929.0,1124040804288.0,1306530730157.0,1182839382838.0,1105272359164.0,1147097327569.0,1186823830060.0,1334361739652.0,1241533824928.0,1327741834183.0,996864750893.0,832105326151.0,1005612301829.0,916345560357.0,1422979514014.0,1397855235843.0,1341097550191.0,936343131566.0,1161326184731.0,1587014338373.0
Dự phòng nợ khó đòi,Provision for doubtful debts,provision_for_doubtful_debts,-522855199664.0,-517385105673.0,-622658939178.0,-152899857532.0,-197295724299.0,-248835641719.0,-191083253822.0,-206423367220.0,-208817220099.0,-197024711342.0,-253413201081.0,-235979597087.0,-246353100754.0,-241266637862.0,-246064390418.0,-194121570806.0,-188992284372.0,-197683343698.0,-203905908311.0,-226447040394.0,-228597294940.0,-216454003591.0,-314458130743.0,-303355146223.0,-315508913520.0,-313902967321.0,-355597946855.0,-320561915713.0,-317417446030.0,-319976129054.0,-393693384568.0,-395967530053.0,-400187767951.0
"Hàng tồn kho, ròng","Inventories, Net",inventories_net,3957577334451.0,4123883173476.0,3560236485633.0,3146562104976.0,3076476440175.0,3302192327000.0,3195523257081.0,3312818953898.0,3543512219646.0,2796658762779.0,2289866131801.0,2488453524415.0,3177458660105.0,3610527286106.0,3573202832375.0,3966074208104.0,4618678244312.0,5447463247923.0,4003321638204.0,4023529913018.0,3877530690305.0,3672301677288.0,3377456367626.0,3084556347796.0,3330519579799.0,3116181266626.0,4351510470326.0,4701331603203.0,5297503898514.0,5148711193863.0,6667948094131.0,4205765070503.0,4025822821437.0
Hàng tồn kho,Inventories,inventories,3964487078996.0,4128110820763.0,3598406314819.0,3200716763589.0,3128026847051.0,3346889108728.0,3246864920364.0,3391845661146.0,3585060015643.0,2831598589153.0,2304594947007.0,2502400977776.0,3190020240163.0,3623088866164.0,3587634901824.0,4002121071946.0,4654162680569.0,5484641363041.0,4083998435318.0,4110426873594.0,3923953702411.0,3704567042343.0,3404947290691.0,3109857890052.0,3356409234795.0,3143420461317.0,4373924132656.0,4721932952355.0,5321239969551.0,5170892839737.0,6696643361768.0,4233933339050.0,4053900206487.0
Dự phòng giảm giá hàng tồn kho,Provision for decline in inventories,provision_for_decline_in_inventories,-6909744545.0,-4227647287.0,-38169829186.0,-54154658613.0,-51550406876.0,-44696781728.0,-51341663283.0,-79026707248.0,-41547795997.0,-34939826374.0,-14728815206.0,-13947453361.0,-12561580058.0,-12561580058.0,-14432069449.0,-36046863842.0,-35484436257.0,-37178115118.0,-80676797114.0,-86896960576.0,-46423012106.0,-32265365055.0,-27490923065.0,-25301542256.0,-25889654996.0,-27239194691.0,-22413662330.0,-20601349152.0,-23736071037.0,-22181645874.0,-28695267637.0,-28168268547.0,-28077385050.0
Tài sản lưu động khác,Other current assets,other_current_assets,1016988879099.0,968594497482.0,980852211711.0,1011849246141.0,1091030356877.0,1042577927984.0,1010711985066.0,976810404053.0,948743524158.0,893063767486.0,1887717299576.0,851764601083.0,881587823765.0,829389334558.0,890504601034.0,846883215848.0,905314729413.0,791578637275.0,887042611688.0,1026866823464.0,1084785406891.0,917194579776.0,1036457191640.0,1079908375732.0,1250128903505.0,1044575863589.0,1048491264580.0,1116518239601.0,1349437310540.0,1181091653080.0,1342462331201.0,1342751376321.0,1843075293428.0
Chi phí trả trước ngắn hạn,Short-term prepayments,short_term_prepayments,276753789497.0,228260103139.0,107566459901.0,160282347131.0,211253833695.0,285945678323.0,104493857484.0,125799290144.0,147705557199.0,98517896168.0,113109054470.0,121818267534.0,78945984898.0,93234130673.0,70317453631.0,62249166076.0,126322673862.0,61923222212.0,102343626377.0,102860510020.0,212815634257.0,58643975192.0,89861407239.0,140580307324.0,229056584451.0,116580099539.0,77300511797.0,168523397801.0,384043582824.0,245742628514.0,58658743138.0,142499758174.0,384679668685.0
Thuế GTGT được khấu trừ,VAT to be claimed,vat_to_be_claimed,432923728119.0,435543326192.0,466556176445.0,436555897043.0,439535747363.0,442865948981.0,474832212710.0,464485980212.0,472167120433.0,487931171007.0,506306967736.0,483037605870.0,499844996299.0,484111827540.0,484830157420.0,502726054041.0,514617957070.0,499042748672.0,556333278690.0,525418872822.0,517988108987.0,541253120072.0,528935611942.0,541442100609.0,556356019173.0,545734892292.0,566535714641.0,570204120701.0,578482897920.0,587933000630.0,583881360428.0,593571192397.0,557979222162.0
Phải thu thuế khác,Other taxes receivable,other_taxes_receivable,307311361483.0,304791068151.0,406729575365.0,415011001967.0,440240775819.0,313766300680.0,431385914872.0,386525133697.0,328870846526.0,306614700311.0,1268301277370.0,246908727679.0,302796842568.0,252043376345.0,335356989983.0,281907995731.0,264374098481.0,230612666391.0,228365706621.0,398587440622.0,353981663647.0,317297484512.0,417660172459.0,397885967799.0,464716299881.0,382057090202.0,404655038142.0,377790721099.0,386910829796.0,347416023936.0,699922227635.0,606680425750.0,900416402581.0
Tài sản lưu động khác,Other current assets,other_current_assets,0.0,0.0,0.0,0.0,0.0,0.0,0.0,0.0,0.0,0.0,0.0,0.0,0.0,0.0,0.0,0.0,0.0,0.0,0.0,0.0,0.0,0.0,0.0,0.0,0.0,203781556.0,0.0,0.0,0.0,0.0,0.0,0.0,0.0
TÀI SẢN DÀI HẠN,LONG-TERM ASSETS,long_term_assets,58361832523371.0,58251412504692.0,59311190435847.0,59192234138685.0,58087882106270.0,57905178050787.0,57489749570795.0,57054985774474.0,57029519483815.0,57428054316162.0,56548375456682.0,57131184425467.0,57069162754256.0,56154498223434.0,56179823898716.0,56550365432932.0,55128881769430.0,55153412452692.0,54749194490671.0,54637413898152.0,54038229045025.0,54065795210252.0,54199547941965.0,53938010906979.0,53576924039821.0,52731800384625.0,55713396594398.0,54685700198074.0,54399148223323.0,53927132962784.0,53377855084175.0,53019000901243.0,52366345316290.0
Phải thu dài hạn,Long-term trade receivables,long_term_trade_receivables,1422115601027.0,1360094000747.0,1527628577344.0,936923707069.0,994877097288.0,954293372591.0,707510863266.0,720089130316.0,750312074614.0,718634867310.0,682824599050.0,786992152934.0,692297668783.0,715675849454.0,702628474348.0,641731511701.0,534426872865.0,511112818204.0,512609082150.0,607398922226.0,635323666895.0,571019056981.0,653269031929.0,671448951487.0,606073679712.0,645583730135.0,607786542911.0,601251360721.0,511220291693.0,509861158134.0,500346800124.0,207523146656.0,140109982688.0
Phải thu khách hàng dài hạn,Long-term trade receivables from customers,long_term_trade_receivables_from_customers,0.0,0.0,0.0,0.0,0.0,0.0,0.0,0.0,0.0,0.0,0.0,0.0,0.0,0.0,0.0,0.0,0.0,0.0,0.0,0.0,0.0,0.0,0.0,0.0,0.0,0.0,0.0,0.0,0.0,0.0,0.0,0.0,0.0
Phải thu nội bộ dài hạn,Long-term intercompany receivables,long_term_intercompany_receivables,1511127886.0,0.0,0.0,0.0,0.0,0.0,0.0,0.0,0.0,0.0,0.0,0.0,0.0,0.0,0.0,0.0,0.0,0.0,0.0,0.0,0.0,0.0,0.0,0.0,0.0,0.0,0.0,0.0,0.0,0.0,0.0,0.0,0.0
Phải thu dài hạn khác,Other long-term receivables,other_long_term_receivables,357880123040.0,269575628205.0,452585135271.0,336855996957.0,392871922099.0,311873384255.0,202105491583.0,195734462615.0,220115572578.0,204785216755.0,193888583091.0,295424210006.0,189543651672.0,268108306538.0,258911544001.0,311219578414.0,207429589042.0,241293423069.0,248737053262.0,248688759931.0,239453110317.0,214823334138.0,220987584478.0,237710570559.0,173864240509.0,213770320830.0,214871963977.0,218219539808.0,135671971099.0,133327561073.0,134647684494.0,232187222025.0,168535109884.0
Dự phòng phải thu dài hạn,Provision for doubtful LT receivable,provision_for_doubtful_lt_receivable,-28416000000.0,-28416000000.0,-28416000000.0,-494361693002.0,-478655023041.0,-425985033558.0,-508421103108.0,-489635003096.0,-442799701785.0,-453079952530.0,-470609490142.0,-463432498490.0,-455233783122.0,-483827977264.0,-479872880375.0,-570781145296.0,-573263678523.0,-557254385584.0,-550435539737.0,-418710484306.0,-418154564306.0,-418293144306.0,-365956557653.0,-365962856123.0,-359246314924.0,-358226794718.0,-397646143995.0,-403557261225.0,-398113055425.0,-393231139150.0,-401167469425.0,-30404702500.0,-30404702500.0
Tài sản cố định,Fixed assets,fixed_assets,24715407108349.0,24695759362960.0,25307053760665.0,27639324356192.0,27950654044707.0,27699259464189.0,27676971710448.0,30170940360283.0,31021870436641.0,30532592520043.0,30202759930943.0,32803121333964.0,32603063192107.0,32341210012246.0,32528495671021.0,33934540748650.0,34093430789237.0,33652508089147.0,33951993981736.0,34465532226718.0,34182966884302.0,33962554909540.0,34459023548806.0,34903338236744.0,35232552854736.0,34413278440175.0,35337155884690.0,35476360174088.0,35762442712817.0,35126995578688.0,35218015322637.0,35533784425593.0,35147065715670.0
GTCL TSCĐ hữu hình,Tangible fixed assets,tangible_fixed_assets,24684301404408.0,24572364693499.0,25185521795936.0,27516813031350.0,27830087012526.0,27581935115847.0,27558887700698.0,30054236437723.0,30907099013571.0,30419253070934.0,30088812851545.0,32689413444903.0,32488033107292.0,32227461308442.0,32411163434310.0,33815042437594.0,33972854699588.0,33533867520397.0,33833978436907.0,34348068643460.0,34068676839658.0,33849900502114.0,34346568202967.0,34792644166966.0,35121996373700.0,34302252261348.0,35216722037923.0,35357491595262.0,35644127872348.0,35009594378354.0,35103249769220.0,35419354012717.0,35028708539622.0
Nguyên giá TSCĐ hữu hình,Cost,cost,36054356460404.0,36296667773492.0,37246543237085.0,39988723843197.0,40436065680691.0,40533882255928.0,40817253685011.0,43678448173204.0,44863007613427.0,44788646726797.0,45057220608159.0,47895483485303.0,48137631821853.0,48339907535793.0,48980378989199.0,50838859974361.0,51326641385006.0,51430643921423.0,52290077797964.0,53276216365642.0,53368900819124.0,53761085940705.0,54921684236460.0,55962427150539.0,56779289614483.0,56560092300338.0,58319330687217.0,59083188216752.0,60041037547567.0,59978518667744.0,60750581425614.0,61651618592516.0,61679305260950.0
Khấu hao lũy kế TSCĐ hữu hình,Accumulated depreciation,accumulated_depreciation,-11370055055996.0,-11724303079993.0,-12061021441149.0,-12471910811847.0,-12605978668165.0,-12951947140081.0,-13258365984313.0,-13624211735481.0,-13955908599856.0,-14369393655863.0,-14968407756614.0,-15206070040400.0,-15649598714561.0,-16112446227351.0,-16569215554889.0,-17023817536767.0,-17353786685418.0,-17896776401026.0,-18456099361057.0,-18928147722182.0,-19300223979466.0,-19911185438591.0,-20575116033493.0,-21169782983573.0,-21657293240783.0,-22257840038990.0,-23102608649294.0,-23725696621490.0,-24396909675219.0,-24968924289390.0,-25647331656394.0,-26232264579799.0,-26650596721328.0
GTCL tài sản thuê tài chính,Finance lease assets,finance_lease_assets,0.0,0.0,0.0,0.0,0.0,0.0,0.0,0.0,0.0,0.0,0.0,1146933332.0,1068733331.0,990533330.0,912333329.0,834133328.0,750714689.0,664742312.0,548058515.0,1047115459.0,930431662.0,813747865.0,697064068.0,580380271.0,1650342453.0,1306298280.0,975132667.0,753492646.0,1057609933.0,941969362.0,826328791.0,710688220.0,595047649.0
Nguyên giá tài sản thuê tài chính,Cost,cost,0.0,0.0,0.0,0.0,0.0,0.0,0.0,0.0,0.0,0.0,0.0,1251200000.0,1251200000.0,1251200000.0,1251200000.0,1251200000.0,1251200000.0,1251200000.0,1251200000.0,1866940741.0,1866940741.0,1866940741.0,1866940741.0,1866940741.0,3101449158.0,3101449158.0,3101449158.0,3101449158.0,3101449158.0,3101449158.0,3101449158.0,3101449158.0,1850249158.0
Khấu hao lũy kế tài sản thuê tài chính,Accumulated depreciation,accumulated_depreciation,0.0,0.0,0.0,0.0,0.0,0.0,0.0,0.0,0.0,0.0,0.0,-104266668.0,-182466669.0,-260666670.0,-338866671.0,-417066672.0,-500485311.0,-586457688.0,-703141485.0,-819825282.0,-936509079.0,-1053192876.0,-1169876673.0,-1286560470.0,-1451106705.0,-1795150878.0,-2126316491.0,-2347956512.0,-2043839225.0,-2159479796.0,-2275120367.0,-2390760938.0,-1255201509.0
GTCL tài sản cố định vô hình,Intangible fixed assets,intangible_fixed_assets,31105703941.0,123394669461.0,121531964729.0,122511324842.0,120567032181.0,117324348342.0,118084009750.0,116703922560.0,114771423070.0,113339449109.0,113947079398.0,112560955729.0,113961351484.0,112758170474.0,116419903382.0,118664177728.0,119825374960.0,117975826438.0,117467486314.0,116416467799.0,113359612982.0,111840659561.0,111758281771.0,110113689507.0,108906138583.0,109719880547.0,119458714100.0,118115086180.0,117257230536.0,116459230972.0,113939224626.0,113719724656.0,117762128399.0
Nguyên giá TSCĐ vô hình,Cost,cost,85946994751.0,180994012932.0,177729877938.0,181040186274.0,181307129985.0,179436266111.0,182339045521.0,182842789983.0,182860787173.0,183007843230.0,185314040728.0,185311374282.0,188300658361.0,188603718166.0,194076628984.0,198648447080.0,201359183862.0,201451227169.0,202770175483.0,203337470147.0,201443206883.0,201833990764.0,203358045061.0,203648377300.0,203595646114.0,206138611998.0,217248371299.0,217317940353.0,217740986767.0,218321376734.0,213028281634.0,214350973933.0,219584887694.0
Khấu hao lũy kế TSCĐ vô hình,Accumulated depreciation,accumulated_depreciation,-54841290810.0,-57599343471.0,-56197913209.0,-58528861432.0,-60740097804.0,-62111917769.0,-64255035771.0,-66138867423.0,-68089364103.0,-69668394121.0,-71366961330.0,-72750418553.0,-74339306877.0,-75845547692.0,-77656725602.0,-79984269352.0,-81533808902.0,-83475400731.0,-85302689169.0,-86921002348.0,-88083593901.0,-89993331203.0,-91599763290.0,-93534687793.0,-94689507531.0,-96418731451.0,-97789657199.0,-99202854173.0,-100483756231.0,-101862145762.0,-99089057008.0,-100631249277.0,-101822759295.0
Xây dựng cơ bản đang dang dở (trước 2015),Construction in progress (before 2015),construction_in_progress_before_2015,0.0,0.0,0.0,0.0,0.0,0.0,0.0,0.0,0.0,0.0,0.0,0.0,0.0,0.0,0.0,0.0,0.0,0.0,0.0,0.0,0.0,0.0,0.0,0.0,0.0,0.0,0.0,0.0,0.0,0.0,0.0,0.0,0.0
Giá trị ròng tài sản đầu tư,Investment properties,investment_properties,1162738073245.0,1167558321282.0,1184471049064.0,1186641645678.0,1234807074046.0,1258118185400.0,1345341202759.0,1363593702331.0,1397959408988.0,1378532313096.0,1475441018450.0,1450519146522.0,1455194781176.0,1424082864132.0,1477791601086.0,1450480544843.0,1434957273831.0,1401282892090.0,1416738057039.0,1382551370764.0,1398528792969.0,1365753313719.0,1341008011103.0,1309174252697.0,1288760258691.0,1261934656925.0,1286697181872.0,1251265993481.0,1223211333997.0,1197412445393.0,1264547270595.0,1232704067732.0,1206696934950.0
Nguyên giá tài sản đầu tư,Cost,cost,1516723279838.0,1540042568135.0,1577192487879.0,1598164779676.0,1668438536786.0,1713795966505.0,1824485029827.0,1866835752540.0,1926139074634.0,1931706667816.0,2057209290230.0,2058727263135.0,2090999851777.0,2082488129328.0,2164020409434.0,2165843467733.0,2182830482013.0,2175275970940.0,2231287721699.0,2229087406976.0,2278159604387.0,2266981719730.0,2273670890214.0,2271337277657.0,2278891788730.0,2273133092140.0,2340289970664.0,2340285972254.0,2340234895787.0,2368114670273.0,2482753187421.0,2484801884511.0,2488884250468.0
Khấu hao lũy kế tài sản đầu tư,Accumulated depreciation,accumulated_depreciation,-353985206593.0,-372484246853.0,-392721438815.0,-411523133998.0,-433631462740.0,-455677781105.0,-479143827068.0,-503242050209.0,-528179665646.0,-553174354720.0,-581768271780.0,-608208116613.0,-635805070601.0,-658405265196.0,-686228808348.0,-715362922890.0,-747873208182.0,-773993078850.0,-814549664660.0,-846536036212.0,-879630811418.0,-901228406011.0,-932662879111.0,-962163024960.0,-990131530039.0,-1011198435215.0,-1053592788792.0,-1089019978773.0,-1117023561790.0,-1170702224880.0,-1218205916826.0,-1252097816779.0,-1282187315518.0
Đầu tư dài hạn,Long-term investments,long_term_investments,4150932166280.0,3369991353066.0,3396393883779.0,3872766420002.0,3710579219757.0,3904727507448.0,3854945733913.0,3066597827171.0,3271975024506.0,3576384640905.0,2795982196541.0,2859011278870.0,3136777933765.0,3083539761815.0,2776672493645.0,3386406819523.0,2863819225948.0,3174692920554.0,2875731622366.0,2864045176792.0,2929097204978.0,2928608144933.0,2987697634094.0,2957340451796.0,2862290664111.0,2664126960020.0,2687592909120.0,2427467261090.0,2124080793477.0,2475761303405.0,2642917975272.0,2816823228346.0,2449040875779.0
Đầu tư vào các công ty con,Investments in subsidiaries,investments_in_subsidiaries,0.0,0.0,0.0,0.0,0.0,0.0,0.0,0.0,0.0,0.0,0.0,0.0,0.0,0.0,0.0,0.0,0.0,0.0,0.0,0.0,0.0,0.0,0.0,0.0,0.0,0.0,0.0,0.0,0.0,0.0,0.0,0.0,0.0
Đầu tư vào các công ty liên kết,Investments in associates,investments_in_associates,3442931375518.0,2374882989990.0,2378907336463.0,2568376306379.0,2801229377130.0,3055829177760.0,3067546969424.0,2617104359689.0,2640962456394.0,2704442837369.0,2341028515259.0,2381074957297.0,2436975718549.0,2458908542646.0,2331229245077.0,2381285554633.0,2373529325271.0,2404307717004.0,2390729720714.0,2400974713130.0,2365856756014.0,2089967146282.0,2198271360015.0,2147128186875.0,2182497380211.0,2152959879085.0,2258208135808.0,2052559537752.0,1798329335883.0,1818627845811.0,1958492542280.0,1985698742425.0,1645855115972.0
Đầu tư dài hạn khác,Other long-term investments,other_long_term_investments,320338841718.0,320037486307.0,409543100671.0,269236164253.0,268595885067.0,263867385267.0,262223400907.0,268307930283.0,269787526131.0,269787526131.0,264342926131.0,354526105622.0,354526105622.0,354526105622.0,354526105622.0,354526105622.0,385554666875.0,384554666875.0,386554666875.0,393731440114.0,393731440114.0,393731440114.0,360702878861.0,360702878861.0,360702878861.0,360702878861.0,358702878861.0,354526105622.0,329068105622.0,329068105622.0,329068105622.0,334068105622.0,339068105622.0
Dự phòng giảm giá đầu tư dài hạn,Provision for long-term investments,provision_for_long_term_investments,-23600358912.0,-25276236110.0,-106426307001.0,-17795619392.0,-5303068800.0,-5845708400.0,-11084453245.0,-21320136712.0,-25880180904.0,-26487323004.0,-26329784049.0,-26329784049.0,-20223866166.0,-20169602206.0,-22172522807.0,-22172522807.0,-23040746167.0,-24316804762.0,-53802765223.0,-54160976452.0,-52780596285.0,-52810441463.0,-46076598700.0,-47107613940.0,-51231674900.0,-52007765324.0,-48815534590.0,-45948382284.0,-39026648028.0,-39026648028.0,-37517822411.0,-37517822411.0,-38639067586.0
Lợi thế thương mại (trước 2015),Goodwill (before 2015),goodwill_before_2015,0.0,0.0,0.0,0.0,0.0,0.0,0.0,0.0,0.0,0.0,0.0,0.0,0.0,0.0,0.0,0.0,0.0,0.0,0.0,0.0,0.0,0.0,0.0,0.0,0.0,0.0,0.0,0.0,0.0,0.0,0.0,0.0,0.0
Tài sản dài hạn khác,Other long-term assets,other_long_term_assets,1986245826074.0,2166943294023.0,2357857796259.0,2410025173761.0,2726870953807.0,2509453448152.0,2369092019115.0,2481950373262.0,2664804582642.0,2961216025814.0,3194317638145.0,3911739992742.0,4069082988825.0,3753233204603.0,3938712815201.0,4425823018837.0,3979601821101.0,3835520750234.0,3846374486021.0,4123899294976.0,3923365776070.0,4045555386774.0,3975532840708.0,3994883009959.0,4087985649114.0,4039997498760.0,6727043802283.0,6686062580189.0,6730285192409.0,6415745918262.0,6268779145977.0,6195432322208.0,6290760896693.0
Trả trước dài hạn,Long-term prepayments,long_term_prepayments,2015998846709.0,2115894306055.0,2252041373938.0,2229158559197.0,2619073943168.0,2407460765182.0,2278342944178.0,2340583345202.0,2483546878780.0,2736164202175.0,2868947749590.0,3660618282358.0,3813918188671.0,3491208682313.0,3658713139544.0,4144443387338.0,3688543017658.0,3522282291327.0,3525350510981.0,3851812720286.0,3688959753142.0,3653902761826.0,3549289448786.0,3607806111230.0,3717612378433.0,3625388400697.0,6204462521120.0,6032454647207.0,6158693007725.0,6031638903419.0,5871412008061.0,5803223644248.0,5903479534825.0
Thuế thu nhập hoãn lại,Deferred income tax assets,deferred_income_tax_assets,-76600273571.0,4354876619.0,62069852559.0,142275925387.0,71041963049.0,67030730968.0,58543897906.0,116916345116.0,159418996505.0,206606257870.0,309395291873.0,213978424362.0,202852537204.0,210388131125.0,230560208477.0,202632066563.0,211227282363.0,195645639458.0,205623157222.0,121372697080.0,83641439840.0,83887711947.0,114005691369.0,93977328323.0,79150308628.0,134202085661.0,245690231161.0,386249470846.0,314818792768.0,283897993379.0,300331804167.0,300972253011.0,295358597010.0
Các tài sản dài hạn khác,Other long-term assets,other_long_term_assets,0.0,0.0,0.0,0.0,0.0,0.0,0.0,0.0,0.0,0.0,0.0,0.0,0.0,0.0,0.0,0.0,0.0,0.0,0.0,0.0,0.0,0.0,0.0,0.0,0.0,0.0,0.0,0.0,0.0,0.0,0.0,0.0,0.0
TỔNG CỘNG TÀI SẢN,Total Assets,total_assets,76608008756549.0,75002499320025.0,77699469377614.0,76566425561612.0,75768403808210.0,76020586181792.0,78170792138822.0,76926388094167.0,77787429753963.0,79244002210970.0,79645181116192.0,79045278133628.0,79002742279126.0,79367556393555.0,79023272323917.0,79340163228622.0,79273792552041.0,79587100893386.0,78063988770134.0,77043060134571.0,76664275037319.0,77796794888566.0,78385273956310.0,76913141375810.0,77050412266680.0,78180705631009.0,83383682512004.0,83239803543991.0,83609868625724.0,84839406230403.0,86282461490860.0,87178899384779.0,90263949529178.0
NỢ PHẢI TRẢ,Liabilities,liabilities,28179356237036.0,27032009042622.0,27615036501202.0,26477275713444.0,26010504652643.0,26287253590309.0,27414033098425.0,26327585753431.0,27487343237819.0,30219647484448.0,28473658964086.0,26908121460323.0,26209858439388.0,25946205997138.0,27106526328677.0,25422226449429.0,25419673561573.0,24741370772008.0,24860731509715.0,22752098029391.0,22489684502495.0,22506774133864.0,23531697324997.0,20894964292176.0,20328646393869.0,20767835117782.0,24986520299896.0,23156601748820.0,21425062628470.0,20906425637178.0,24080878789838.0,22194178753373.0,23382593244952.0
Nợ ngắn hạn,Current liabilities,current_liabilities,11084535637389.0,9648273971198.0,9735353452059.0,7887306508807.0,7781035997669.0,7819901727608.0,9192780917504.0,7697355360692.0,8723208769436.0,11396379762958.0,10564859042532.0,8878789240407.0,8651728133707.0,8797935424571.0,10989788426109.0,9396758834705.0,9648366408962.0,9081808482046.0,10232094054157.0,8400935606025.0,8284461756962.0,8306811598579.0,10016576475416.0,7722616816853.0,7484408036558.0,7954369754813.0,11594062718132.0,10057698229837.0,9054751886669.0,8231094536378.0,10940794561573.0,8269602595201.0,9030098286096.0
Vay ngắn hạn,Short-term borrowings,short_term_borrowings,3457614441049.0,3380778959626.0,3090489257876.0,2953300613643.0,2893043960657.0,2563346438304.0,2627894912000.0,2616053820392.0,2779839013450.0,2464132032161.0,3380707672413.0,3387528067048.0,2362567270250.0,1969919088082.0,2510083462718.0,2684600480773.0,2845764096401.0,2152044452069.0,2589347002150.0,2622337650639.0,2419784366540.0,1904993877879.0,2844186256376.0,2445346526602.0,2018969058184.0,1758973053821.0,4074933861713.0,4227926096389.0,2718064216615.0,1421575241010.0,1446793217535.0,1154908206046.0,1184649714257.0
Phải trả người bán,Trade accounts payable,trade_accounts_payable,911335000281.0,837451564575.0,1067681472379.0,683581769525.0,667468767332.0,1093529186629.0,902940117134.0,773309535415.0,844051753449.0,792175344601.0,890193236104.0,618390305175.0,883550860118.0,696494089497.0,748785942717.0,748852872382.0,835967046772.0,734350188706.0,816612832637.0,766731615167.0,774576085083.0,785281177738.0,927415435163.0,822084848294.0,947737741259.0,959295196778.0,990003522683.0,677220699414.0,941795037035.0,766654385787.0,977560282259.0,798027402510.0,926677272197.0
Người mua trả tiền trước,Advances from customers,advances_from_customers,819886164382.0,968898491227.0,748320039049.0,855524743752.0,792224565253.0,474850285210.0,598324142414.0,650617731677.0,795746168819.0,758712663082.0,591527387974.0,708713699094.0,669395695231.0,494099758991.0,582379354693.0,598573957156.0,700351988777.0,490645406408.0,542146113766.0,546809333849.0,545180678712.0,585690246105.0,690442983815.0,782401117340.0,591204668655.0,583949642274.0,618985484125.0,882578578247.0,579341970905.0,649661234544.0,1210965510966.0,727759298593.0,666688140961.0
Thuế và các khoản phải trả Nhà nước,Taxes and other payable to State Budget,taxes_and_other_payable_to_state_budget,1443899815456.0,412402044468.0,629327722400.0,260882047243.0,251132070583.0,317593485079.0,509953605296.0,164308704047.0,402389628000.0,720535422432.0,589712777619.0,276396869029.0,472286680458.0,674578276420.0,516442444341.0,447177619570.0,651139720404.0,895832332473.0,664302459178.0,383564837706.0,518873696345.0,759418473124.0,543454936173.0,356442077969.0,437940315806.0,777125961983.0,743202155064.0,439589046203.0,823112357813.0,1146244954830.0,704131986762.0,668774245068.0,1045531586291.0
Phải trả người lao động,Payable to employees,payable_to_employees,820166879323.0,930481320413.0,1323779088466.0,570677048783.0,644560275218.0,850804232247.0,1371672196950.0,419070712868.0,520002100320.0,692136089878.0,1505116679488.0,697628551338.0,879051924581.0,1146074638439.0,2114488602239.0,898092709124.0,1059590366175.0,1225895089258.0,1360580365293.0,612700415979.0,630018803865.0,810839783512.0,1581045554564.0,674662817157.0,867939503657.0,1037882035017.0,1952983457523.0,846135148472.0,940061302335.0,1318680466457.0,2536461010706.0,1150720650643.0,1173020434530.0
Chi phí phải trả,Accrued expenses,accrued_expenses,347165686999.0,281532772800.0,540042720192.0,343322054765.0,387306249705.0,440742288323.0,427872504136.0,336527144468.0,372807637434.0,398721371358.0,436778825355.0,499199108851.0,455219196228.0,442636558768.0,479092278205.0,570088097075.0,551141522732.0,498498365762.0,475302766944.0,472363279317.0,462977953122.0,461208701413.0,484221726378.0,512434586838.0,617003169837.0,474741581679.0,443960994408.0,469341921491.0,684885564222.0,462743906048.0,399203909115.0,649533691199.0,479894606348.0
Phải trả nội bộ,Intercompany payables,intercompany_payables,0.0,0.0,0.0,0.0,0.0,0.0,0.0,0.0,0.0,0.0,0.0,0.0,0.0,0.0,0.0,0.0,0.0,0.0,0.0,0.0,0.0,0.0,0.0,0.0,0.0,0.0,0.0,0.0,0.0,0.0,0.0,0.0,0.0
Phải trả về xây dựng cơ bản,Construction contract in progress payables,construction_contract_in_progress_payables,0.0,0.0,0.0,0.0,0.0,0.0,0.0,0.0,0.0,0.0,0.0,0.0,0.0,0.0,0.0,0.0,0.0,0.0,0.0,0.0,0.0,0.0,0.0,0.0,0.0,0.0,0.0,0.0,0.0,0.0,0.0,0.0,0.0
Phải trả khác,Other payables,other_payables,1788984344233.0,1482844286752.0,972814730576.0,1180857768847.0,1096968714881.0,1130225987266.0,1387888593536.0,1792273858781.0,1984524009878.0,4595188664720.0,1663376459839.0,1689317408827.0,1759800218139.0,2057946669980.0,1989145219218.0,2046231821714.0,1523505634938.0,1646690834966.0,1781762924143.0,1574561636791.0,1471083967887.0,1678392972331.0,1127718261572.0,989842847967.0,920639710194.0,1251554263411.0,1108432716478.0,1156047731754.0,1057523267711.0,1118468983132.0,1727143380611.0,2013101179076.0,2305888014466.0
Dự phòng các khoản phải trả ngắn hạn,Provision for ST liabilities,provision_for_st_liabilities,0.0,0.0,0.0,0.0,0.0,192988556.0,0.0,0.0,0.0,0.0,0.0,18258972465.0,18155643227.0,18104972197.0,21818661920.0,23889348988.0,23895399745.0,19094389239.0,2945044962.0,12531696243.0,17738066291.0,17708449357.0,456114385.0,5695126444.0,453036451.0,1040365547.0,23055160.0,9264117382.0,23055160.0,23055160.0,39643876712.0,55923264368.0,0.0
"Quỹ khen thưởng, phúc lợi",Bonus and welfare funds,bonus_and_welfare_funds,1308229712693.0,1173138331509.0,1157278812475.0,820105414954.0,854362409655.0,766309498264.0,1120331349194.0,699624658487.0,793836723188.0,716063819040.0,1187220280524.0,720166289215.0,900884137719.0,848818915493.0,1515959929113.0,1060313364426.0,1193358595833.0,1157440212742.0,1700545425506.0,1104129470972.0,1124246067075.0,1027884109821.0,1472720928099.0,814861984666.0,783081334534.0,822071570981.0,1278881223707.0,745163053699.0,694418009220.0,730691006452.0,1291422567413.0,758999668737.0,800403986321.0
Nợ dài hạn,Long-term liabilities,long_term_liabilities,17094820599647.0,17383735071424.0,17879683049143.0,18589969204637.0,18229468654974.0,18467351862701.0,18221252180921.0,18630230392739.0,18764134468383.0,18823267721490.0,17908799921554.0,18029332219916.0,17558130305681.0,17148270572567.0,16116737902568.0,16025467614724.0,15771307152611.0,15659562289962.0,14628637455558.0,14351162423366.0,14205222745533.0,14199962535285.0,13515120849581.0,13172347475323.0,12844238357311.0,12813465362969.0,13392457581764.0,13098903518983.0,12370310741801.0,12675331100800.0,13140084228265.0,13924576158172.0,14352494958856.0
Phải trả nhà cung cấp dài hạn,Long-term trade payables,long_term_trade_payables,2132769078.0,694575252.0,2086595011.0,8096483199.0,2122193258.0,117522000.0,117522000.0,0.0,0.0,0.0,0.0,0.0,0.0,0.0,0.0,0.0,0.0,0.0,0.0,0.0,0.0,0.0,0.0,0.0,0.0,0.0,0.0,0.0,0.0,0.0,0.0,0.0,0.0
Phải trả nội bộ dài hạn,Long-term intercompany payables,long_term_intercompany_payables,0.0,0.0,0.0,0.0,0.0,0.0,0.0,0.0,0.0,0.0,0.0,0.0,0.0,0.0,0.0,0.0,0.0,0.0,0.0,0.0,0.0,0.0,0.0,0.0,0.0,0.0,0.0,0.0,0.0,0.0,0.0,0.0,0.0
Phải trả dài hạn khác,Other long-term payables,other_long_term_payables,277225310888.0,51396426980.0,126359419248.0,290549925484.0,156137221570.0,212149156017.0,221919705187.0,174509146827.0,140178490201.0,123083409907.0,121665391923.0,224165770041.0,258466364404.0,313337999305.0,276491312645.0,216457162576.0,275199932818.0,276945586837.0,144595199716.0,136078651425.0,178104666665.0,91538160189.0,185043545211.0,185001645783.0,137466942996.0,211266794667.0,173372363096.0,484578993047.0,175846092752.0,164851657192.0,172420876535.0,335868959436.0,299701324311.0
Vay dài hạn,Long-term borrowings,long_term_borrowings,10306285520845.0,10202030502536.0,10304465034084.0,10226854628762.0,9663099844547.0,9662028427333.0,9180249588506.0,9181948699790.0,9232367293485.0,9283172557088.0,8745109099694.0,8181369127415.0,7686188065702.0,7506876359903.0,6473720085941.0,6080779499732.0,5656364602418.0,5607412210599.0,4822312436135.0,4444022457743.0,4287832466126.0,4319183656589.0,3734959296104.0,3482095088312.0,3244347853358.0,2973756020455.0,2963853299554.0,2605099283215.0,2010168289824.0,1820468035089.0,1526123400920.0,1480552378170.0,1414314744661.0
Thuế thu nhập hoãn lại,Deferred income tax liabilities,deferred_income_tax_liabilities,14007145.0,0.0,50965903.0,0.0,0.0,0.0,0.0,0.0,0.0,0.0,0.0,0.0,0.0,0.0,0.0,0.0,0.0,0.0,0.0,4291419969.0,4291419969.0,4291419969.0,4291419969.0,4291419969.0,4617958414.0,4291419969.0,4291419969.0,4291419969.0,6217985013.0,6286056616.0,4291419969.0,4291419969.0,4291419969.0
Dự phòng trợ cấp thôi việc,Provision for severance allowances,provision_for_severance_allowances,0.0,0.0,0.0,0.0,0.0,0.0,0.0,0.0,0.0,0.0,0.0,0.0,0.0,0.0,0.0,0.0,0.0,0.0,0.0,0.0,0.0,0.0,0.0,0.0,0.0,0.0,0.0,0.0,0.0,0.0,0.0,0.0,0.0
Dự phòng các khoản nợ dài hạn,Provision for long-term liabilities,provision_for_long_term_liabilities,0.0,0.0,0.0,0.0,0.0,0.0,0.0,0.0,0.0,0.0,0.0,0.0,0.0,0.0,0.0,0.0,0.0,0.0,0.0,0.0,0.0,0.0,0.0,0.0,0.0,0.0,0.0,0.0,0.0,0.0,0.0,0.0,0.0
Doanh thu chưa thực hiện,Deferred revenue,deferred_revenue,6215063237626.0,6739872843181.0,7041630956448.0,7634453865164.0,7980869251901.0,8196498803423.0,8444518722066.0,8879451232067.0,8981308456974.0,9027362873868.0,8698548674670.0,9063024388887.0,9054660395447.0,8744289327190.0,8781576490179.0,9143439940618.0,9202673556507.0,9232123130823.0,9079238031234.0,9160555860939.0,9019183333207.0,9094429681121.0,8946702491613.0,8963554769453.0,8902756725539.0,8859528790738.0,9095394159991.0,9065757216076.0,9244529039733.0,9689389250055.0,9775066346651.0,10485019818484.0,10670137699604.0
Quỹ phát triển khoa học công nghệ,Technology-science development fund,technology_science_development_fund,190332075084.0,191079208593.0,187935280169.0,191978785639.0,187564736622.0,191135041881.0,201956579314.0,201604140229.0,200827009256.0,189315851483.0,193430965307.0,406543180615.0,403449640702.0,426764936936.0,398007844037.0,396711930040.0,394632397952.0,393452771284.0,274069060724.0,276801567334.0,311352708712.0,335493486743.0,313251229043.0,353542792505.0,352569576957.0,351600290694.0,637834337373.0,638974361171.0,628090320685.0,673615384725.0,1329746010387.0,1365066888411.0,1710374885751.0
Vốn chủ sở hữu,Owner's Equity,owners_equity,48428652519513.0,47970490277403.0,50084432876412.0,50089149848168.0,49757899155567.0,49733332591483.0,50756759040397.0,50598802340736.0,50300086516144.0,49024354726522.0,51171522152106.0,52137156673305.0,52792883839738.0,53421350396417.0,51916745995240.0,53917936779193.0,53854118990468.0,54845730121378.0,53203257260419.0,54290962105180.0,54174590534824.0,55290020754702.0,54853576631313.0,56018177083634.0,56721765872811.0,57412870513227.0,58397162212108.0,60083201795171.0,62184805997254.0,63932980593225.0,62201582701022.0,64984720631406.0,66881356284226.0
Vốn và các quỹ,Capital and reserves,capital_and_reserves,48299519963712.0,47855320913097.0,50005466640341.0,49974848777133.0,49665142878789.0,49653279418392.0,50689529464729.0,50537387528524.0,50228904036050.0,48961422653805.0,51134722899880.0,52092395355056.0,52672140827411.0,53304357809391.0,51822292118669.0,53826596542377.0,53778173058969.0,54762143116927.0,53134590282853.0,54217117956567.0,54112634459305.0,55220662555330.0,54808664357252.0,55977984306224.0,56663744625409.0,57356025203944.0,58343704981056.0,60015271786468.0,62106142849026.0,63862517049168.0,62153706512296.0,64984720631406.0,66881356284226.0
Vốn góp,Paid-in capital,paid_in_capital,40000000000000.0,40000000000000.0,40000000000000.0,40000000000000.0,40000000000000.0,40000000000000.0,40000000000000.0,40000000000000.0,40000000000000.0,40000000000000.0,40000000000000.0,40000000000000.0,40000000000000.0,40000000000000.0,40000000000000.0,40000000000000.0,40000000000000.0,40000000000000.0,40000000000000.0,40000000000000.0,40000000000000.0,40000000000000.0,40000000000000.0,40000000000000.0,40000000000000.0,40000000000000.0,40000000000000.0,40000000000000.0,40000000000000.0,40000000000000.0,40000000000000.0,40000000000000.0,40000000000000.0
Thặng dư vốn cổ phần,Share premium,share_premium,135755202304.0,135755209921.0,135755209921.0,135742843450.0,135742843450.0,135742843450.0,135742811891.0,130155637008.0,130155637008.0,130155637008.0,128490446460.0,128490446460.0,153449721131.0,153449723158.0,153449723158.0,153449723158.0,153449723158.0,198838391619.0,198838391619.0,198838391619.0,204129259935.0,321757135351.0,325832755422.0,325832755422.0,325832755422.0,325832755422.0,325832755422.0,371011677750.0,371011677749.0,13706420744.0,13706420744.0,13703740793.0,13703740793.0
Vốn khác,Owner's other capital,owners_other_capital,36306761845.0,33306738051.0,10591031002.0,10591031002.0,10591031002.0,10591031002.0,10591031002.0,10591031002.0,10591031002.0,10591031002.0,10591031002.0,10591031002.0,10591031002.0,10591031002.0,10591031002.0,10591031002.0,10591031002.0,10591031002.0,10591031002.0,10591031002.0,10591031002.0,10591031002.0,10591031002.0,10591031002.0,10591031002.0,10591031002.0,10591031002.0,305236086924.0,304346224796.0,401346224796.0,401346224796.0,401346224796.0,401346224796.0
Cổ phiếu quỹ,Treasury shares,treasury_shares,-107416261106.0,-107417211864.0,-107416261106.0,-107405977656.0,-107405977656.0,-107405892113.0,-104633146486.0,-107526753018.0,-129315177036.0,-129311258186.0,-71832156784.0,-71832156784.0,-959568311.0,-959568311.0,-959568311.0,-959568311.0,-959568311.0,-959568311.0,-959568311.0,-959568311.0,-959568311.0,-959534010.0,-959534010.0,-959534010.0,-959534010.0,-959534010.0,-959534010.0,-35893701247.0,-35893701247.0,0.0,0.0,0.0,0.0
Chênh lệch đánh giá lại tài sản,Differences upon asset revaluation,differences_upon_asset_revaluation,-1809853830804.0,-1448797790804.0,-1490507647004.0,-1489637647004.0,-1481357767004.0,-1466591210677.0,-1653639816361.0,-1598154951677.0,-1596116918889.0,-1591338092200.0,-1575718667264.0,-1577764667264.0,-1577764667264.0,-1577764667264.0,-1577764667264.0,-1577764667264.0,-1575736106011.0,-1575736106011.0,-1574186166104.0,-1574186166104.0,-1574186166104.0,-1574186166104.0,-1574186166104.0,-1574186166104.0,-1574186166104.0,-1574186166104.0,-1574186166104.0,-1574186166105.0,-1576214727358.0,-1576214727358.0,-1576214727358.0,-1576214727358.0,-1576214727358.0
Chênh lệch tỷ giá,Foreign exchange differences,foreign_exchange_differences,1154512717105.0,1306297697873.0,1438035950255.0,1453489467097.0,1359133228361.0,1139897005772.0,1049423971210.0,1204242368892.0,1019697077966.0,895050056822.0,1063341809497.0,860479065034.0,776765213484.0,457555037212.0,459632374491.0,256432322343.0,210937492523.0,171370952215.0,290449920769.0,259185429969.0,19778957720.0,215349787769.0,463724697639.0,691932815903.0,839392201713.0,645651245611.0,1348954014686.0,1345171501227.0,1813411703946.0,1806570861594.0,1734063547194.0,2035281043247.0,1753067771186.0
Quỹ đầu tư và phát triển,Investment and development funds,investment_and_development_funds,2765380298655.0,2396480599853.0,2429277669456.0,2461843143095.0,2670302555528.0,2987831408633.0,2938336520141.0,2917855228063.0,3165336424713.0,3310362216657.0,3378662079613.0,3374540390564.0,3559398137970.0,4129633225959.0,4131150754337.0,4136138802827.0,4325638504284.0,4402037665573.0,5089722683259.0,5089827339070.0,5277474729282.0,5293783975398.0,5404929018666.0,5409348757982.0,5643782194241.0,5645277086332.0,6577606883132.0,6476263111418.0,6864725833561.0,6685957709407.0,8581921234139.0,8582607434152.0,9172943147490.0
Quỹ dự phòng tài chính,Financial reserve funds,financial_reserve_funds,0.0,0.0,0.0,0.0,0.0,0.0,0.0,0.0,0.0,0.0,0.0,0.0,0.0,0.0,0.0,0.0,0.0,0.0,0.0,0.0,0.0,0.0,0.0,0.0,0.0,0.0,0.0,0.0,0.0,0.0,0.0,0.0,0.0
Quỹ khác,Other funds,other_funds,1027633060405.0,23699534216.0,6790221934.0,4212591156.0,4212591156.0,4212591156.0,4734436316.0,4646908290.0,4646908290.0,4646908290.0,1264574242.0,1264574242.0,1264574242.0,1264574242.0,1264574242.0,1264574242.0,252909421.0,252909421.0,252909421.0,252909421.0,252909421.0,252909421.0,252909421.0,252909421.0,252909421.0,252909421.0,252909421.0,0.0,0.0,0.0,0.0,0.0,0.0
Lãi chưa phân phối,Undistributed earnings,undistributed_earnings,748224888534.0,1016108402071.0,2903069173695.0,2793457445337.0,3038086907423.0,2910080319266.0,3908493142393.0,4083923774224.0,3770508383126.0,2281281910389.0,4451862684772.0,5074278558197.0,5372882518185.0,5884146488361.0,4543817016712.0,6618969398715.0,6335574485027.0,7103442052161.0,4783426942044.0,5645849416240.0,5653558407657.0,6109271911903.0,5029895583820.0,5896872645138.0,6124575908197.0,6975903144863.0,6240538555065.0,7420330348248.0,8625386581778.0,10700582439034.0,7154047020674.0,9422266530795.0,10834722424731.0
Quỹ hỗ trợ sắp xếp doanh nghiệp,Enterprise arrangement fund,enterprise_arrangement_fund,0.0,0.0,0.0,0.0,0.0,0.0,0.0,0.0,0.0,0.0,0.0,0.0,0.0,0.0,0.0,0.0,0.0,0.0,0.0,0.0,0.0,0.0,0.0,0.0,0.0,0.0,0.0,0.0,0.0,0.0,0.0,0.0,0.0
Vốn Ngân sách nhà nước và quỹ khác,Budget sources and other funds,budget_sources_and_other_funds,129132555801.0,115169364306.0,78966236071.0,114301071035.0,92756276778.0,80053173091.0,67229575668.0,61414812212.0,71182480094.0,62932072717.0,36799252226.0,44761318249.0,120743012327.0,116992587026.0,94453876571.0,91340236816.0,75945931499.0,83587004451.0,68666977566.0,73844148613.0,61956075519.0,69358199372.0,44912274061.0,40192777410.0,58021247402.0,56845309283.0,53457231052.0,67930008703.0,78663148228.0,70463544057.0,47876188726.0,0.0,0.0
"Quỹ khen thưởng, phúc lợi (trước 2010)",Bonus and welfare funds (Before 2010),bonus_and_welfare_funds_before_2010,0.0,0.0,0.0,0.0,0.0,0.0,0.0,0.0,0.0,0.0,0.0,0.0,0.0,0.0,0.0,0.0,0.0,0.0,0.0,0.0,0.0,0.0,0.0,0.0,0.0,0.0,0.0,0.0,0.0,0.0,0.0,0.0,0.0
Vốn ngân sách nhà nước và quỹ khác,Budget sources and other funds,budget_sources_and_other_funds,-62419830973.0,-68981327487.0,-103459142525.0,-58886622606.0,-75826115955.0,-83063125402.0,-99529388237.0,-97239124294.0,-82539525369.0,-86533863729.0,-109186544113.0,-96599877368.0,-16774791492.0,-16149018293.0,-47370085419.0,-33778846741.0,-45226954199.0,-33707133128.0,-44638218738.0,-34950404822.0,-43491051903.0,-32352562654.0,-53600573862.0,-23010666530.0,-30825563005.0,-29791200435.0,-33823318791.0,-16926094037.0,-4079172167.0,-9967144163.0,-30220972859.0,0.0,0.0
Lợi ích của cổ đông thiểu số,Minority interests (Before 2015),minority_interests_before_2015,0.0,0.0,0.0,0.0,0.0,0.0,0.0,0.0,0.0,0.0,0.0,0.0,0.0,0.0,0.0,0.0,0.0,0.0,0.0,0.0,0.0,0.0,0.0,0.0,0.0,0.0,0.0,0.0,0.0,0.0,0.0,0.0,0.0
Tổng cộng nguồn vốn,Total resource,total_resource,76608008756549.0,75002499320025.0,77699469377614.0,76566425561612.0,75768403808210.0,76020586181792.0,78170792138822.0,76926388094167.0,77787429753963.0,79244002210970.0,79645181116192.0,79045278133628.0,79002742279126.0,79367556393555.0,79023272323917.0,79340163228622.0,79273792552041.0,79587100893386.0,78063988770134.0,77043060134571.0,76664275037319.0,77796794888566.0,78385273956310.0,76913141375810.0,77050412266680.0,78180705631009.0,83383682512004.0,83239803543991.0,83609868625724.0,84839406230403.0,86282461490860.0,87178899384779.0,90263949529178.0
Cổ phiếu ưu đãi,Preferred shares,preferred_shares,,,,,,,,,,,,,,,,,,,,,,,,,,,,,,,,,
Đầu tư nắm giữ đến ngày đáo hạn,Held-to-maturity investment,held_to_maturity_investment,5745015190912.0,5478499932161.0,5596268389402.0,5708412665885.0,6072479717116.0,6457522565703.0,7438351503399.0,8044738909909.0,9512148233368.0,9419108417554.0,9775121224171.0,11290257146087.0,8855451491099.0,8878892955475.0,10225560158523.0,9857483674031.0,10171669860306.0,10425467501182.0,11316828371423.0,11011526976733.0,10746804873004.0,10769196924444.0,11225965042940.0,11743255218046.0,12674196166280.0,13024254731492.0,13951258398456.0,14272107869689.0,13803371477357.0,13963690871697.0,14206979876856.0,16946877995824.0,20560557559734.0
Vốn kinh doanh ở các đơn vị trực thuộc,Paid-in capital in wholly-owned subsidiaries,paid_in_capital_in_wholly_owned_subsidiaries,0.0,0.0,0.0,0.0,0.0,0.0,0.0,0.0,0.0,0.0,0.0,0.0,0.0,0.0,0.0,0.0,0.0,0.0,302122676.0,0.0,0.0,0.0,0.0,0.0,0.0,0.0,0.0,0.0,0.0,0.0,0.0,0.0,1127766607.0
Tài sản thiếu cần xử lý,Shortage of current assets waiting for solution,shortage_of_current_assets_waiting_for_solution,20900159156.0,20896239674.0,20903589545.0,21336112185.0,38929733453.0,20890299204.0,20674674702.0,20622721207.0,20622721207.0,20596316274.0,80568508160.0,60547984905.0,58836802266.0,69643338456.0,32694128707.0,31652081879.0,31908931656.0,31843937819.0,31852449346.0,37525741823.0,38794957853.0,38680446767.0,38612978221.0,66926656424.0,67973573600.0,66773040909.0,67251203866.0,67250676619.0,67587401644.0,67469372685.0,75404536803.0,75938292480.0,95984947038.0
Phải thu cho vay ngắn hạn,Short-term loans receivables,short_term_loans_receivables,57476263441.0,14384311047.0,15964743263.0,11821132823.0,10763264139.0,2429676855.0,10536458059.0,8038609789.0,7997589489.0,6826904176.0,10547546309.0,10550937700.0,10542940099.0,10518925510.0,10520019690.0,10526936760.0,10522955389.0,10574924689.0,10547295649.0,10502954779.0,10537685848.0,10384605161.0,8048249001.0,8048249000.0,8048249000.0,8048249000.0,8048249000.0,8048249000.0,7748249000.0,7748249000.0,7748249000.0,0.0,0.0
Giao dịch mua bán lại trái phiếu Chính phủ,Government bonds purchased for resale,government_bonds_purchased_for_resale,0.0,0.0,0.0,0.0,0.0,0.0,0.0,0.0,0.0,0.0,0.0,0.0,0.0,0.0,0.0,0.0,0.0,0.0,0.0,0.0,0.0,0.0,0.0,0.0,0.0,0.0,0.0,0.0,0.0,0.0,0.0,0.0,0.0
Trả trước người bán dài hạn,Long-term prepayments to suppliers,long_term_prepayments_to_suppliers,75652303526.0,75416439906.0,76909390027.0,77219202896.0,76646657353.0,76030882140.0,76087942202.0,76082506581.0,76057728993.0,74838956877.0,74880085012.0,75111843838.0,75108789668.0,75109677968.0,73786850860.0,74722034781.0,73786850860.0,3049584972.0,3049584972.0,800416897.0,3684023074.0,1646117988.0,1043508697.0,1589214877.0,993311504.0,1571964147.0,3049584972.0,1613171524.0,3438918702.0,1430558528.0,2857884972.0,5740627131.0,851808697.0
Phải thu cho vay dài hạn,Long-term loans receivables,long_term_loans_receivables,1015488046575.0,1043517932636.0,1026550052046.0,1017210200218.0,1004013540877.0,992374139754.0,937738532589.0,937907164216.0,896938474828.0,892090646208.0,884665421089.0,879888597580.0,882879010565.0,856285842212.0,849802959862.0,826571043802.0,826474111486.0,824024195747.0,810955860977.0,776620229704.0,810341097810.0,772842749161.0,797194496407.0,798112022174.0,790462442623.0,788468239876.0,787511137957.0,784975910614.0,770222457317.0,768334177683.0,764008700083.0,0.0,0.0
Tài sản dở dang dài hạn,Long-term incomplete assets,long_term_incomplete_assets,24924393748396.0,25491066172614.0,25537785368736.0,23146552835983.0,21470093716665.0,21579326073007.0,21535888041294.0,19251814381111.0,17922597956424.0,18260693948994.0,18197050073553.0,15319800520435.0,15112746189600.0,14836756531184.0,14755522843415.0,12711382789378.0,12222645786448.0,12578294982463.0,12145747261359.0,11193986906676.0,10968946719811.0,11192304398305.0,10783016875325.0,10101826004296.0,9499260933457.0,9706879098610.0,9067120273522.0,8243292828505.0,8047907898930.0,8201356558902.0,7483248569570.0,6749757729407.0,6838397787307.0
"Chi phí sản xuất, kinh doanh dở dang dài hạn",Long-term cost of work in progress,long_term_cost_of_work_in_progress,165698786788.0,148838418241.0,175644574625.0,154317593927.0,155296170098.0,179298369367.0,117667000538.0,110285389941.0,101275851309.0,117138384146.0,85945115597.0,95632039045.0,186053013389.0,187552583255.0,186634134579.0,190083608120.0,192297210000.0,188379863207.0,192245018730.0,195644609634.0,191379007902.0,195212749295.0,195833899761.0,196220991620.0,199055228673.0,198468818787.0,195804240940.0,196715104503.0,212747646009.0,214561110775.0,214362850276.0,99816993637.0,97840269102.0
Đầu tư nắm giữ đến ngày đáo hạn,Held-to-maturity investment,held_to_maturity_investment,411262307956.0,700347112879.0,714369753646.0,1052949568762.0,646057026360.0,590876652821.0,536259816827.0,202505673911.0,387105222885.0,628641600409.0,216940539200.0,149740000000.0,365499975760.0,290274715753.0,113089665753.0,672767682075.0,127775979969.0,410147341437.0,152250000000.0,123500000000.0,222289605135.0,497720000000.0,474799993918.0,496617000000.0,370322079939.0,202471967398.0,119497429041.0,66330000000.0,35710000000.0,367092000000.0,392875149781.0,903897793360.0,871994487421.0
"Thiết bị, vật tư, phụ tùng thay thế dài hạn","Long-term equipment, material and spare parts",long_term_equipment_material_and_spare_parts,10343534400.0,12664734400.0,12191534400.0,9509995400.0,10148695400.0,10829941400.0,16715947400.0,11435794900.0,11298160900.0,10379360900.0,10382733400.0,32528814525.0,48675183238.0,48976703238.0,47757171038.0,77257270424.0,78533228199.0,78486528199.0,78486528199.0,114991589622.0,116234296731.0,112480373903.0,111644025455.0,108057328203.0,111773105886.0,106549542271.0,108625965905.0,105627532586.0,101704750416.0,100209021464.0,97035333749.0,91236424949.0,91922764858.0
Doanh thu chưa thực hiện ngắn hạn,Short-term unrealized revenue,short_term_unrealized_revenue,187253592973.0,180746199828.0,205619608646.0,219055047295.0,193968984385.0,182307337730.0,245903496844.0,245569194557.0,230011734898.0,258714355686.0,320225723216.0,263189969365.0,250816507756.0,449262456704.0,511592530945.0,318938563497.0,263652037185.0,261317210423.0,298549119578.0,305205669362.0,319982072042.0,275393807299.0,344914278891.0,318844883576.0,299439497981.0,287736083322.0,382656247271.0,604431836786.0,615527105653.0,616351302958.0,607468819494.0,272733069500.0,406588902083.0
Quỹ bình ổn giá,Price stabilization fund,price_stabilization_fund,0.0,0.0,0.0,0.0,0.0,0.0,0.0,0.0,0.0,0.0,0.0,0.0,0.0,0.0,0.0,0.0,0.0,0.0,0.0,0.0,0.0,0.0,0.0,0.0,0.0,0.0,0.0,0.0,0.0,0.0,0.0,0.0,0.0
Giao dịch mua bán lại trái phiếu chính phủ,Government bonds purchased for resale,government_bonds_purchased_for_resale,0.0,0.0,0.0,0.0,0.0,0.0,0.0,0.0,0.0,0.0,0.0,0.0,0.0,0.0,0.0,0.0,0.0,0.0,0.0,0.0,0.0,0.0,0.0,0.0,0.0,0.0,0.0,0.0,0.0,0.0,0.0,0.0,0.0
Người mua trả tiền trước dài hạn,Long-term advances from customers,long_term_advances_from_customers,75973755526.0,168829745909.0,185363494427.0,178849559577.0,178935489800.0,148891049896.0,149161138107.0,98726330690.0,110945391607.0,102091653826.0,79383141683.0,79963575431.0,81250959773.0,81625566117.0,86763852414.0,113054926550.0,107983416741.0,78659556851.0,84733689662.0,83401133112.0,141123634942.0,106413923602.0,78701769117.0,78711544617.0,75211544617.0,78720429785.0,78723068619.0,78723068619.0,78781761067.0,78781761067.0,78781761067.0,78781761067.0,78781761067.0
Chi phí phải trả dài hạn,Long-term accrued expenses,long_term_accrued_expenses,27793923455.0,29831768973.0,31791303853.0,59185956812.0,60739917276.0,56531862151.0,23328925741.0,93990843136.0,98507826860.0,98241375318.0,70662648277.0,74266177527.0,74114879653.0,75376383116.0,100178317352.0,75024155208.0,134453246175.0,70969033568.0,223689038087.0,246011332844.0,263334515912.0,248612207072.0,252171098524.0,105150214684.0,127267755430.0,334301616661.0,438988933162.0,221479176886.0,226677252727.0,241938956056.0,253654412736.0,174994932635.0,174893123493.0
Phải trả nội bộ về vốn kinh doanh,Intra-company payables for operating capital received,intra_company_payables_for_operating_capital_received,0.0,0.0,0.0,0.0,0.0,0.0,0.0,0.0,0.0,0.0,0.0,0.0,0.0,0.0,0.0,0.0,0.0,0.0,0.0,0.0,0.0,0.0,0.0,0.0,0.0,0.0,0.0,0.0,0.0,0.0,0.0,0.0,0.0
Trái phiếu chuyển đổi,Convertible bonds,convertible_bonds,0.0,0.0,0.0,0.0,0.0,0.0,0.0,0.0,0.0,0.0,0.0,0.0,0.0,0.0,0.0,0.0,0.0,0.0,0.0,0.0,0.0,0.0,0.0,0.0,0.0,0.0,0.0,0.0,0.0,0.0,0.0,0.0,0.0
Cổ phiếu ưu đãi,Preferred shares,preferred_shares,0.0,0.0,0.0,0.0,0.0,0.0,0.0,0.0,0.0,0.0,0.0,0.0,0.0,0.0,0.0,0.0,0.0,0.0,0.0,0.0,0.0,0.0,0.0,0.0,0.0,0.0,0.0,0.0,0.0,0.0,0.0,0.0,0.0
Cổ phiếu phổ thông,Common shares,common_shares,40000000000000.0,40000000000000.0,40000000000000.0,40000000000000.0,40000000000000.0,40000000000000.0,40000000000000.0,40000000000000.0,40000000000000.0,40000000000000.0,40000000000000.0,40000000000000.0,40000000000000.0,40000000000000.0,40000000000000.0,40000000000000.0,40000000000000.0,40000000000000.0,40000000000000.0,40000000000000.0,40000000000000.0,40000000000000.0,40000000000000.0,40000000000000.0,40000000000000.0,40000000000000.0,40000000000000.0,40000000000000.0,40000000000000.0,40000000000000.0,40000000000000.0,40000000000000.0,40000000000000.0
Quyền chọn chuyển đổi trái phiếu,Conversion options on convertible bonds,conversion_options_on_convertible_bonds,0.0,0.0,0.0,0.0,0.0,0.0,0.0,0.0,0.0,0.0,0.0,0.0,0.0,0.0,0.0,0.0,0.0,0.0,0.0,0.0,0.0,0.0,0.0,0.0,0.0,0.0,0.0,0.0,0.0,0.0,0.0,0.0,0.0
LNST chưa phân phối lũy kế đến cuối kỳ trước,Beginning accumulated undistributed earnings,beginning_accumulated_undistributed_earnings,740058481296.0,646093963857.0,850199319985.0,2584452532953.0,2164175298227.0,1929680943518.0,2445760456755.0,3857733996244.0,3141968248440.0,1298665501479.0,1784190578686.0,4256347303088.0,3795086565821.0,4643609189307.0,3094646047469.0,5563875095779.0,4263149306073.0,4196134481805.0,964492143519.0,5096035127821.0,4545560506107.0,5796436959675.0,2444666288716.0,5421309767310.0,4828172705255.0,6032118850989.0,2251821936583.0,6252976282700.0,5993927499435.0,6160110244771.0,3389655975696.0,7171514882413.0,6297059678244.0
LNST chưa phân phối kỳ này,Current period undistributed earnings,current_period_undistributed_earnings,8166407238.0,370014438214.0,2052869853710.0,209004912384.0,873911609196.0,980399375748.0,1462732685638.0,226189777980.0,628540134686.0,982616408910.0,2667672106086.0,817931255109.0,1577795952364.0,1240537299054.0,1449170969243.0,1055094302936.0,2072425178954.0,2907307570356.0,3818934798525.0,549814288419.0,1107997901550.0,312834952228.0,2585229295104.0,475562877828.0,1296403202942.0,943784293874.0,3988716618482.0,1167354065548.0,2631459082343.0,4540472194263.0,3764391044978.0,2250751648382.0,4537662746487.0
Xây dựng cơ bản đang dở dang,Construction in progress,construction_in_progress,24758694961608.0,25342227754373.0,25362140794111.0,22992235242056.0,21314797546567.0,21400027703640.0,21418221040756.0,19141528991170.0,17821322105115.0,18143555564848.0,18111104957956.0,15224168481390.0,14926693176211.0,14649203947929.0,14568888708836.0,12521299181258.0,12030348576448.0,12389915119256.0,11953502242629.0,10998342297042.0,10777567711909.0,10997091649010.0,10587182975564.0,9905605012676.0,9300205704784.0,9508410279823.0,8871316032582.0,8046577724002.0,7835160252921.0,7986795448127.0,7268885719294.0,6649940735770.0,6740557518205.0
Lợi thế thương mại,Goodwill,goodwill,36503718536.0,34029376949.0,31555035362.0,29080693777.0,26606352190.0,24132010602.0,15489229631.0,13014888044.0,10540546457.0,8066204869.0,5591863282.0,4614471497.0,3637079712.0,2659687927.0,1682296142.0,1490294512.0,1298292881.0,39106291250.0,36914289619.0,35722287988.0,34530286357.0,195284539098.0,200593675098.0,185042242203.0,179449856167.0,173857470131.0,168265084097.0,161730929550.0,155068641500.0,0.0,0.0,0.0,0.0
Lợi ích cổ đông không kiểm soát,Minority interests,minority_interests,4348977126774.0,4499887733780.0,4679871292188.0,4712555880656.0,4035837466529.0,4038921321903.0,4400480514623.0,3891654285740.0,3853400669870.0,4049984244023.0,3748061098342.0,4292348113605.0,4376513866972.0,4246441965032.0,4101110880302.0,4228474925665.0,4318424587876.0,4452305789258.0,4336454139154.0,4587719173661.0,4521994898703.0,4844801504600.0,5148584061396.0,5218299091470.0,5294463325527.0,5327662731407.0,5415074532442.0,5707338928253.0,5739369255801.0,5830568120951.0,5844836792107.0,6105730384981.0,6281787702588.0
Nguồn kinh phí đã hình thành TSCĐ,Funds used for fixed asset acquisitions,funds_used_for_fixed_asset_acquisitions,191552386774.0,184150691793.0,182425378596.0,173187693641.0,168582392733.0,163116298493.0,166758963905.0,158653936506.0,153722005463.0,149465936446.0,145985796339.0,141361195617.0,137517803819.0,133141605319.0,141823961990.0,125119083557.0,121172885698.0,117294137579.0,113305196304.0,108794553435.0,105447127422.0,101710762026.0,98512847923.0,63203443940.0,88846810407.0,86636509718.0,87280549843.0,84856102740.0,82742320395.0,80430688220.0,78097161585.0,0.0,0.0
