item,item_en,item_id,2018-Q1,2018-Q2,2018-Q3,2018-Q4,2019-Q1,2019-Q2,2019-Q3,2019-Q4,2020-Q1,2020-Q2,2020-Q3,2020-Q4,2021-Q1,2021-Q2,2021-Q3,2021-Q4,2022-Q1,2022-Q2,2022-Q3,2022-Q4,2023-Q1,2023-Q2,2023-Q3,2023-Q4,2024-Q1,2024-Q2,2024-Q3,2024-Q4,2025-Q1,2025-Q2,2025-Q3,2025-Q4,2026-Q1,2026-Q2
TÀI SẢN NGẮN HẠN,CURRENT ASSETS,current_assets,1324274881451.0,1575793612336.0,2115455527884.0,2283383860671.0,2500938722432.0,2737016600883.0,3056495061293.0,2871580763322.0,3182580307703.0,3462967412056.0,3315069874867.0,3919111793891.0,4022783246211.0,4293174708701.0,4392867342473.0,4955765821258.0,5233634026407.0,4861523608940.0,4592110026946.0,5239653395999.0,4741573223968.0,4914003886308.0,5156124754929.0,5809342784883.0,5280016335538.0,5761871392967.0,4725483016243.0,4728456491813.0,5028152761766.0,4637233761982.0,4754545307802.0,5680154668779.0,5103418419770.0,6232700728087.0
Tiền và tương đương tiền,Cash and cash equivalents,cash_and_cash_equivalents,306123406613.0,376610977948.0,376904304541.0,409725652280.0,264996901936.0,221878905452.0,387536482073.0,382486147155.0,344354718673.0,356644879238.0,291113335941.0,288064249022.0,265461801841.0,290732377892.0,355884959816.0,330987439465.0,301232972317.0,246680177635.0,310692486526.0,459903208797.0,341866465731.0,377149907084.0,516129926242.0,885396251158.0,796448693670.0,823003672219.0,350694528873.0,389553167519.0,566443457079.0,389765934120.0,590694897635.0,349825537243.0,291801367625.0,1001226119553.0
Tiền,Cash,cash,291123406613.0,361610977948.0,357244304541.0,280225652280.0,249996901936.0,196878905452.0,358536482073.0,322255056744.0,317354718673.0,329644879238.0,240113335941.0,247064249022.0,243461801841.0,264732377892.0,329884959816.0,310987439465.0,275232972317.0,233680177635.0,297692486526.0,439403208797.0,320666465731.0,348949907084.0,497929926242.0,707196251158.0,778248693670.0,810803672219.0,339494528873.0,373553167519.0,480962135391.0,370269684120.0,502965793232.0,320091315883.0,240615732797.0,979930351423.0
Các khoản tương đương tiền,Cash equivalents,cash_equivalents,15000000000.0,15000000000.0,19660000000.0,129500000000.0,15000000000.0,25000000000.0,29000000000.0,60231090411.0,27000000000.0,27000000000.0,51000000000.0,41000000000.0,22000000000.0,26000000000.0,26000000000.0,20000000000.0,26000000000.0,13000000000.0,13000000000.0,20500000000.0,21200000000.0,28200000000.0,18200000000.0,178200000000.0,18200000000.0,12200000000.0,11200000000.0,16000000000.0,85481321688.0,19496250000.0,87729104403.0,29734221360.0,51185634828.0,21295768130.0
Đầu tư ngắn hạn,Short-term investments,short_term_investments,401144000000.0,572522888889.0,799710000000.0,854340000000.0,1210412840411.0,1304567090411.0,1279905244722.0,1233360154311.0,1293212694738.0,1455907070688.0,1392873989970.0,1572305737355.0,1492305737355.0,1478595756604.0,1709165091437.0,1900794861799.0,1902277009826.0,1844541823599.0,1853994119373.0,1856128354299.0,1896128354299.0,2047098027387.0,2000053675594.0,1707941757205.0,1597941757205.0,1491633307205.0,1535953972487.0,1430476324460.0,1347236818992.0,1570680385974.0,1673838137221.0,2092526396344.0,1840364881332.0,1192830927815.0
Đầu tư ngắn hạn,Short-term investments,short_term_investments,0.0,0.0,0.0,0.0,0.0,0.0,0.0,0.0,0.0,0.0,0.0,0.0,0.0,0.0,0.0,0.0,0.0,0.0,0.0,0.0,0.0,0.0,0.0,0.0,0.0,0.0,0.0,0.0,0.0,0.0,0.0,0.0,0.0,0.0
Dự phòng giảm giá,Provision for diminution,provision_for_diminution,0.0,0.0,0.0,0.0,0.0,0.0,0.0,0.0,0.0,0.0,0.0,0.0,0.0,0.0,0.0,0.0,0.0,0.0,0.0,0.0,0.0,0.0,0.0,0.0,0.0,0.0,0.0,0.0,0.0,0.0,0.0,0.0,0.0,0.0
Các khoản phải thu,Accounts receivable,accounts_receivable,539502464278.0,540250141922.0,700293192979.0,831873300341.0,854538005251.0,1039581632743.0,1236832650265.0,1092248518703.0,1059529352178.0,1347127362767.0,1273674866516.0,1334975625236.0,1814409907128.0,1989455988328.0,1819115633726.0,2207721142634.0,2464988349252.0,2147469729962.0,1862573419282.0,2374089343148.0,1919004406395.0,1813022133290.0,1947757978687.0,2567122956753.0,2235443602939.0,2754431084531.0,2204838041863.0,2157317142073.0,2104726044366.0,1983479623195.0,1873388305698.0,2643490851490.0,2146140505862.0,2257113253054.0
Phải thu khách hàng,Trade accounts receivable,trade_accounts_receivable,368723750358.0,369006581337.0,488128072347.0,635238931104.0,441497289075.0,540529514461.0,760283514725.0,796017084132.0,524603952641.0,620708072436.0,735249175933.0,800163397459.0,892285247036.0,1002900818938.0,843306662647.0,1393842989117.0,1400301917278.0,1121477191300.0,1071495021128.0,1218037627547.0,1334525057595.0,1261358837730.0,1243815471288.0,1419330548841.0,1253677294857.0,1411948536104.0,1561653879577.0,1617447246458.0,1344504054895.0,1440228138831.0,1273748042942.0,2168815895025.0,1574922125960.0,1744165612852.0
Trả trước người bán,Prepayments to suppliers,prepayments_to_suppliers,25401547160.0,28948025110.0,36866035704.0,12040953469.0,103555261530.0,109095972957.0,123855989929.0,36227994585.0,47026782029.0,46093842456.0,36671109248.0,32824299908.0,68886303553.0,32784456511.0,39539462068.0,44097152892.0,193978915881.0,81176647969.0,60690052550.0,75304115065.0,138267616074.0,126549586098.0,46782882139.0,351353746720.0,119092947702.0,62199892363.0,66762418296.0,110014215870.0,179639669692.0,44910642696.0,50111489386.0,105755738062.0,133663153101.0,137342657761.0
Phải thu nội bộ,Intercompany receivables,intercompany_receivables,0.0,0.0,0.0,0.0,0.0,0.0,0.0,0.0,0.0,0.0,0.0,0.0,0.0,0.0,0.0,0.0,0.0,0.0,0.0,0.0,0.0,0.0,0.0,0.0,0.0,0.0,0.0,0.0,0.0,0.0,0.0,0.0,0.0,0.0
Phải thu hợp đồng xây dựng đang thực hiện,Construction contract in progress receivables,construction_contract_in_progress_receivables,0.0,0.0,0.0,0.0,0.0,0.0,0.0,0.0,0.0,0.0,0.0,0.0,0.0,0.0,0.0,0.0,0.0,0.0,0.0,0.0,0.0,0.0,0.0,0.0,0.0,0.0,0.0,0.0,0.0,0.0,0.0,0.0,0.0,0.0
Phải thu khác,Other receivables,other_receivables,145630932250.0,142547394825.0,175620677510.0,185683178510.0,309501385616.0,391932768854.0,356419585098.0,272805314191.0,499820078454.0,692125610574.0,513046113968.0,513010949675.0,864422243904.0,965640823641.0,949097144330.0,784582696821.0,883578861632.0,956468325299.0,741968059927.0,1095851086554.0,466628527428.0,446407075162.0,678452990960.0,818577603804.0,884715272368.0,1301887631095.0,598026719021.0,452662419219.0,603404417661.0,522121757822.0,573738744391.0,393191222894.0,461857869672.0,399147129297.0
Dự phòng nợ khó đòi,Provision for doubtful debts,provision_for_doubtful_debts,-518000000.0,-518000000.0,-518000000.0,-1296620100.0,-1296620100.0,-2165433935.0,-3816743876.0,-12993236996.0,-12458102673.0,-12729469958.0,-12598158713.0,-11808827282.0,-11863161880.0,-11870110762.0,-12827635319.0,-14801696196.0,-15250817339.0,-15070156384.0,-14997436101.0,-15103486018.0,-20416794702.0,-21293365700.0,-21293365700.0,-22138942612.0,-22041911988.0,-21604975031.0,-21604975031.0,-22806739474.0,-22822097882.0,-23780916154.0,-24209971021.0,-24272004491.0,-24302642871.0,-23542146856.0
"Hàng tồn kho, ròng","Inventories, Net",inventories_net,16222685692.0,15725279125.0,171748847998.0,120088254929.0,108202597632.0,64636012336.0,42010699037.0,46764281989.0,381171969164.0,206731793774.0,244426466240.0,604690892037.0,342615740544.0,376892477468.0,368542706921.0,373366907204.0,400218931225.0,404712728806.0,364720834249.0,341697115392.0,360490114016.0,423275823895.0,413873008226.0,398781691862.0,392779493819.0,436428340006.0,343592470168.0,279316566082.0,561336933973.0,296503064717.0,258531240641.0,152682505246.0,335966584323.0,355370151270.0
Hàng tồn kho,Inventories,inventories,16222685692.0,15725279125.0,171748847998.0,120088254929.0,108202597632.0,64636012336.0,42010699037.0,46764281989.0,381171969164.0,206731793774.0,244426466240.0,604690892037.0,342615740544.0,376892477468.0,368542706921.0,373366907204.0,400218931225.0,404712728806.0,364720834249.0,341773442355.0,360490114016.0,423275823895.0,413873008226.0,398781691862.0,392779493819.0,436704608432.0,343868738594.0,279592834508.0,561613202399.0,296779333143.0,258807509067.0,152682505246.0,335966584323.0,355370151270.0
Dự phòng giảm giá hàng tồn kho,Provision for decline in inventories,provision_for_decline_in_inventories,0.0,0.0,0.0,0.0,0.0,0.0,0.0,0.0,0.0,0.0,0.0,0.0,0.0,0.0,0.0,0.0,0.0,0.0,0.0,-76326963.0,0.0,0.0,0.0,0.0,0.0,-276268426.0,-276268426.0,-276268426.0,-276268426.0,-276268426.0,-276268426.0,0.0,0.0,0.0
Tài sản lưu động khác,Other current assets,other_current_assets,61282324868.0,70684324452.0,66799182366.0,67356653121.0,62788377202.0,106352959941.0,110209985196.0,116721661164.0,104311572950.0,96556305589.0,112981216200.0,119075290241.0,107990059343.0,157498108409.0,140158950573.0,142895470156.0,164916763787.0,218119148938.0,200129167516.0,207835374363.0,224083883527.0,253457994652.0,278310166180.0,250100127905.0,257402787905.0,256374989006.0,290404002852.0,471793291679.0,448409507356.0,396804753976.0,358092726607.0,441629378456.0,489145080628.0,1426160276395.0
Chi phí trả trước ngắn hạn,Short-term prepayments,short_term_prepayments,60804613738.0,70230352201.0,66258911405.0,66697714250.0,62395917380.0,106137641025.0,108302815533.0,116271378383.0,91344944451.0,95766210476.0,111916062809.0,117660185453.0,97031482470.0,152054832708.0,136170355961.0,137216465017.0,156816929048.0,204350151880.0,198684279390.0,193517094632.0,223029811740.0,225326952353.0,270703409362.0,246229383575.0,256559497430.0,256007629786.0,290093771080.0,464599688300.0,447341114477.0,390886588453.0,356406269908.0,425735450014.0,484320610383.0,481849554945.0
Thuế GTGT được khấu trừ,VAT to be claimed,vat_to_be_claimed,0.0,254331519.0,307077334.0,278726429.0,160169052.0,22537575.0,42630470.0,339767089.0,12820290427.0,307378297.0,455073615.0,934398168.0,915513333.0,393531593.0,633592079.0,3675586060.0,1103882711.0,218696693.0,871161006.0,1377474980.0,774818160.0,20454041833.0,868073735.0,3763512971.0,648245510.0,217794296.0,227227682.0,7003889547.0,596794590.0,590683175.0,1580965671.0,12300059416.0,916258952.0,1565395346.0
Phải thu thuế khác,Other taxes receivable,other_taxes_receivable,477711130.0,199640732.0,233193627.0,380212442.0,232290770.0,192781341.0,1864539193.0,110515692.0,146338072.0,482716816.0,610079776.0,480706620.0,10043063540.0,5049744108.0,3355002533.0,2003419079.0,6995952028.0,13550300365.0,573727120.0,12940804751.0,279253627.0,7677000466.0,6738683083.0,107231359.0,195044965.0,149564924.0,83004090.0,189713832.0,471598289.0,5327482348.0,105491028.0,3593869026.0,3908211293.0,2745326104.0
Tài sản lưu động khác,Other current assets,other_current_assets,0.0,0.0,0.0,0.0,0.0,0.0,0.0,0.0,0.0,0.0,0.0,0.0,0.0,0.0,0.0,0.0,0.0,0.0,0.0,0.0,0.0,0.0,0.0,0.0,0.0,0.0,0.0,0.0,0.0,0.0,0.0,0.0,0.0,940000000000.0
TÀI SẢN DÀI HẠN,LONG-TERM ASSETS,long_term_assets,320714035552.0,320351658283.0,515482467472.0,552693508489.0,319851227507.0,356099655843.0,436369642270.0,544540975910.0,487824411944.0,392078499850.0,540533946432.0,444026713172.0,499242189141.0,619568098007.0,462723427281.0,487086474931.0,487722702052.0,588922897247.0,580460668612.0,568636692436.0,506152069128.0,607072574348.0,792492735950.0,967983882497.0,1210339212253.0,1294668689484.0,1248432005227.0,1635100066310.0,1687535018582.0,1895202116151.0,1948080310363.0,1838520831046.0,1834886021973.0,1834496962504.0
Phải thu dài hạn,Long-term trade receivables,long_term_trade_receivables,4373400740.0,3075468760.0,2913458800.0,5206554100.0,3356200120.0,3748243960.0,4163977780.0,4233744160.0,4663122800.0,4756897419.0,3626035619.0,3408212019.0,5340369086.0,4522452642.0,4582717219.0,4717237619.0,15300545619.0,15256920100.0,15695253200.0,21822316212.0,22614818856.0,33684820706.0,29688346987.0,30697584555.0,47928581208.0,44806562550.0,49495259862.0,346340082223.0,359107127132.0,374726246838.0,369096130187.0,234532329929.0,239811695358.0,274025440136.0
Phải thu khách hàng dài hạn,Long-term trade receivables from customers,long_term_trade_receivables_from_customers,0.0,0.0,0.0,0.0,0.0,0.0,0.0,0.0,0.0,0.0,0.0,0.0,0.0,0.0,0.0,0.0,0.0,0.0,0.0,0.0,0.0,0.0,0.0,0.0,0.0,0.0,0.0,0.0,0.0,0.0,0.0,0.0,0.0,0.0
Phải thu nội bộ dài hạn,Long-term intercompany receivables,long_term_intercompany_receivables,0.0,0.0,0.0,0.0,0.0,0.0,0.0,0.0,0.0,0.0,0.0,0.0,0.0,0.0,0.0,0.0,0.0,0.0,0.0,0.0,0.0,0.0,0.0,0.0,0.0,0.0,0.0,0.0,0.0,0.0,0.0,0.0,0.0,0.0
Phải thu dài hạn khác,Other long-term receivables,other_long_term_receivables,4373400740.0,3075468760.0,2913458800.0,5206554100.0,3356200120.0,3748243960.0,4163977780.0,4233744160.0,4663122800.0,4756897419.0,3626035619.0,3408212019.0,5340369086.0,4522452642.0,4582717219.0,4717237619.0,15300545619.0,15256920100.0,15695253200.0,21822316212.0,22614818856.0,33684820706.0,29688346987.0,30697584555.0,47928581208.0,44806562550.0,49495259862.0,346340082223.0,359107127132.0,374726246838.0,369096130187.0,234532329929.0,239561695358.0,273775440136.0
Dự phòng phải thu dài hạn,Provision for doubtful LT receivable,provision_for_doubtful_lt_receivable,0.0,0.0,0.0,0.0,0.0,0.0,0.0,0.0,0.0,0.0,0.0,0.0,0.0,0.0,0.0,0.0,0.0,0.0,0.0,0.0,0.0,0.0,0.0,0.0,0.0,0.0,0.0,0.0,0.0,0.0,0.0,0.0,0.0,0.0
Tài sản cố định,Fixed assets,fixed_assets,234761304436.0,224974962075.0,212333133986.0,214342308826.0,207682146333.0,196255722888.0,195900568320.0,332079982405.0,314268931834.0,296371944473.0,278523427799.0,314140867567.0,344120199343.0,353686885167.0,331034768407.0,319958937130.0,300501539906.0,304657462046.0,283989481099.0,268254982941.0,249679287855.0,239852673866.0,356246930947.0,390959035500.0,609322690534.0,700706436030.0,732831255277.0,744915553414.0,778727951984.0,1036602061617.0,1072198222346.0,1062460728659.0,1042653393739.0,996539078150.0
GTCL TSCĐ hữu hình,Tangible fixed assets,tangible_fixed_assets,210451017147.0,200845402709.0,188347606903.0,189371675478.0,180344436756.0,168465186056.0,153614778829.0,290303601677.0,272772738912.0,255506103586.0,238139834601.0,279672967679.0,310109937746.0,320354030571.0,298027439074.0,279343696785.0,260943635455.0,266243582161.0,246283898912.0,231737301444.0,214211096895.0,205417000268.0,322415190291.0,355054538784.0,574625562405.0,664402554113.0,693916162323.0,691259376597.0,728319029428.0,980471993087.0,1009097581049.0,989575396564.0,975249867742.0,934552780168.0
Nguyên giá TSCĐ hữu hình,Cost,cost,334309415726.0,337243628076.0,334303865404.0,334263420997.0,333300696925.0,333814998477.0,328026494639.0,482170644411.0,482658094811.0,483198254696.0,483737603422.0,542942609400.0,593079376982.0,624157339881.0,623774377383.0,624539179774.0,625758259999.0,650914048393.0,651240162248.0,655453500505.0,636555319832.0,645817032239.0,783225044577.0,837579525142.0,1082354022108.0,1203928128541.0,1268135132119.0,1295930086780.0,1369689712980.0,1663620029488.0,1738915441720.0,1764083330495.0,1791583401144.0,1796165838855.0
Khấu hao lũy kế TSCĐ hữu hình,Accumulated depreciation,accumulated_depreciation,-123858398579.0,-136398225367.0,-145956258501.0,-144891745519.0,-152956260169.0,-165349812421.0,-174411715810.0,-191867042734.0,-209885355899.0,-227692151110.0,-245597768821.0,-263269641721.0,-282969439236.0,-303803309310.0,-325746938309.0,-345195482989.0,-364814624544.0,-384670466232.0,-404956263336.0,-423716199061.0,-422344222937.0,-440400031971.0,-460809854286.0,-482524986358.0,-507728459703.0,-539525574428.0,-574218969796.0,-604670710183.0,-641370683552.0,-683148036401.0,-729817860671.0,-774507933931.0,-816333533402.0,-861613058687.0
GTCL tài sản thuê tài chính,Finance lease assets,finance_lease_assets,0.0,0.0,0.0,0.0,0.0,0.0,0.0,0.0,0.0,0.0,0.0,0.0,0.0,0.0,0.0,0.0,0.0,0.0,0.0,0.0,0.0,0.0,0.0,0.0,0.0,0.0,0.0,0.0,0.0,0.0,0.0,0.0,0.0,0.0
Nguyên giá tài sản thuê tài chính,Cost,cost,0.0,0.0,0.0,0.0,0.0,0.0,0.0,0.0,0.0,0.0,0.0,0.0,0.0,0.0,0.0,0.0,0.0,0.0,0.0,0.0,0.0,0.0,0.0,0.0,0.0,0.0,0.0,0.0,0.0,0.0,0.0,0.0,0.0,0.0
Khấu hao lũy kế tài sản thuê tài chính,Accumulated depreciation,accumulated_depreciation,0.0,0.0,0.0,0.0,0.0,0.0,0.0,0.0,0.0,0.0,0.0,0.0,0.0,0.0,0.0,0.0,0.0,0.0,0.0,0.0,0.0,0.0,0.0,0.0,0.0,0.0,0.0,0.0,0.0,0.0,0.0,0.0,0.0,0.0
GTCL tài sản cố định vô hình,Intangible fixed assets,intangible_fixed_assets,24310287289.0,24129559366.0,23985527083.0,24970633348.0,27337709577.0,27790536832.0,42285789491.0,41776380728.0,41496192922.0,40865840887.0,40383593198.0,34467899888.0,34010261597.0,33332854596.0,33007329333.0,40615240345.0,39557904451.0,38413879885.0,37705582187.0,36517681497.0,35468190960.0,34435673598.0,33831740656.0,35904496716.0,34697128129.0,36303881917.0,38915092954.0,53656176817.0,50408922556.0,56130068530.0,63100641297.0,72885332095.0,67403525997.0,61986297982.0
Nguyên giá TSCĐ vô hình,Cost,cost,29464068227.0,29464407267.0,29505254867.0,30750548949.0,33637448354.0,34691292039.0,52032501758.0,52032427593.0,52920613408.0,52919818783.0,52950813593.0,47711488408.0,47971870558.0,47971796393.0,48384345453.0,58574050348.0,58741854070.0,58816224478.0,59342231003.0,59342845513.0,59341552923.0,59341669468.0,59793205743.0,63830080743.0,63831309763.0,66965995558.0,71432923218.0,91011224644.0,91011224644.0,101509461644.0,113595047644.0,129724930644.0,129724930644.0,129871129172.0
Khấu hao lũy kế TSCĐ vô hình,Accumulated depreciation,accumulated_depreciation,-5153780938.0,-5334847901.0,-5519727784.0,-5779915601.0,-6299738777.0,-6900755207.0,-9746712267.0,-10256046865.0,-11424420486.0,-12053977896.0,-12567220395.0,-13243588520.0,-13961608961.0,-14638941797.0,-15377016120.0,-17958810003.0,-19183949619.0,-20402344593.0,-21636648816.0,-22825164016.0,-23873361963.0,-24905995870.0,-25961465087.0,-27925584027.0,-29134181634.0,-30662113641.0,-32517830264.0,-37355047827.0,-40602302088.0,-45379393114.0,-50494406347.0,-56839598549.0,-62321404647.0,-67884831190.0
Xây dựng cơ bản đang dang dở (trước 2015),Construction in progress (before 2015),construction_in_progress_before_2015,0.0,0.0,0.0,0.0,0.0,0.0,0.0,0.0,0.0,0.0,0.0,0.0,0.0,0.0,0.0,0.0,0.0,0.0,0.0,0.0,0.0,0.0,0.0,0.0,0.0,0.0,0.0,0.0,0.0,0.0,0.0,0.0,0.0,0.0
Giá trị ròng tài sản đầu tư,Investment properties,investment_properties,0.0,0.0,0.0,0.0,0.0,0.0,0.0,0.0,0.0,0.0,0.0,0.0,0.0,0.0,0.0,0.0,0.0,0.0,0.0,0.0,0.0,0.0,0.0,0.0,0.0,0.0,0.0,0.0,0.0,0.0,0.0,0.0,0.0,0.0
Nguyên giá tài sản đầu tư,Cost,cost,0.0,0.0,0.0,0.0,0.0,0.0,0.0,0.0,0.0,0.0,0.0,0.0,0.0,0.0,0.0,0.0,0.0,0.0,0.0,0.0,0.0,0.0,0.0,0.0,0.0,0.0,0.0,0.0,0.0,0.0,0.0,0.0,0.0,0.0
Khấu hao lũy kế tài sản đầu tư,Accumulated depreciation,accumulated_depreciation,0.0,0.0,0.0,0.0,0.0,0.0,0.0,0.0,0.0,0.0,0.0,0.0,0.0,0.0,0.0,0.0,0.0,0.0,0.0,0.0,0.0,0.0,0.0,0.0,0.0,0.0,0.0,0.0,0.0,0.0,0.0,0.0,0.0,0.0
Đầu tư dài hạn,Long-term investments,long_term_investments,7000000000.0,7000000000.0,207000000000.0,207000000000.0,0.0,54000000000.0,130000000000.0,91482148027.0,67492675950.0,0.0,130000000000.0,0.0,80000000000.0,194000000000.0,64000000000.0,41482148027.0,34000000000.0,150000000000.0,154000000000.0,150000000000.0,110000000000.0,9305802518.0,55000000000.0,74000000000.0,84000000000.0,65000000000.0,0.0,30000000000.0,30000000000.0,0.0,0.0,0.0,0.0,0.0
Đầu tư vào các công ty con,Investments in subsidiaries,investments_in_subsidiaries,0.0,0.0,0.0,0.0,0.0,0.0,0.0,0.0,0.0,0.0,0.0,0.0,0.0,0.0,0.0,0.0,0.0,0.0,0.0,0.0,0.0,0.0,0.0,0.0,0.0,0.0,0.0,0.0,0.0,0.0,0.0,0.0,0.0,0.0
Đầu tư vào các công ty liên kết,Investments in associates,investments_in_associates,0.0,0.0,0.0,0.0,0.0,0.0,0.0,0.0,0.0,0.0,0.0,0.0,0.0,0.0,0.0,0.0,0.0,0.0,0.0,0.0,0.0,0.0,0.0,0.0,0.0,0.0,0.0,0.0,0.0,0.0,0.0,0.0,0.0,0.0
Đầu tư dài hạn khác,Other long-term investments,other_long_term_investments,0.0,0.0,0.0,0.0,0.0,0.0,0.0,0.0,0.0,0.0,0.0,0.0,0.0,0.0,0.0,0.0,0.0,0.0,10000000000.0,10000000000.0,10000000000.0,0.0,0.0,0.0,0.0,0.0,0.0,0.0,0.0,0.0,0.0,0.0,0.0,0.0
Dự phòng giảm giá đầu tư dài hạn,Provision for long-term investments,provision_for_long_term_investments,0.0,0.0,0.0,0.0,0.0,0.0,0.0,0.0,0.0,0.0,0.0,0.0,0.0,0.0,0.0,0.0,0.0,0.0,0.0,0.0,0.0,0.0,0.0,0.0,0.0,0.0,0.0,0.0,0.0,0.0,0.0,0.0,0.0,0.0
Lợi thế thương mại (trước 2015),Goodwill (before 2015),goodwill_before_2015,0.0,0.0,0.0,0.0,0.0,0.0,0.0,0.0,0.0,0.0,0.0,0.0,0.0,0.0,0.0,0.0,0.0,0.0,0.0,0.0,0.0,0.0,0.0,0.0,0.0,0.0,0.0,0.0,0.0,0.0,0.0,0.0,0.0,0.0
Tài sản dài hạn khác,Other long-term assets,other_long_term_assets,74101191991.0,84823089063.0,92592736301.0,112398365078.0,97697910569.0,91000943965.0,94613951140.0,105404648688.0,89981126962.0,79564778475.0,68990309527.0,68653869168.0,58222977836.0,55789019779.0,50400829671.0,111181823101.0,104281451704.0,108552773213.0,114837944547.0,118802964093.0,114121086047.0,314489706468.0,333874936374.0,394270612639.0,385292214801.0,413807616311.0,439461631662.0,438814919647.0,452966566069.0,425856499299.0,449441433601.0,499942776778.0,486246058265.0,454003080125.0
Trả trước dài hạn,Long-term prepayments,long_term_prepayments,74101191991.0,84823089063.0,92592736301.0,112398365078.0,97697910569.0,91000943965.0,94613951140.0,105404648688.0,89981126962.0,79564778475.0,68990309527.0,68653869168.0,58222977836.0,55789019779.0,50400829671.0,111181823101.0,104281451704.0,108552773213.0,114837944547.0,118802964093.0,114121086047.0,314489706468.0,333874936374.0,394270612639.0,385292214801.0,413807616311.0,439461631662.0,438814919647.0,452966566069.0,425856499299.0,449441433601.0,496479598253.0,483697679553.0,452786217484.0
Thuế thu nhập hoãn lại,Deferred income tax assets,deferred_income_tax_assets,0.0,0.0,0.0,0.0,0.0,0.0,0.0,0.0,0.0,0.0,0.0,0.0,0.0,0.0,0.0,0.0,0.0,0.0,0.0,0.0,0.0,0.0,0.0,0.0,0.0,0.0,0.0,0.0,0.0,0.0,0.0,3463178525.0,2548378712.0,1216862641.0
Các tài sản dài hạn khác,Other long-term assets,other_long_term_assets,0.0,0.0,0.0,0.0,0.0,0.0,0.0,0.0,0.0,0.0,0.0,0.0,0.0,0.0,0.0,0.0,0.0,0.0,0.0,0.0,0.0,0.0,0.0,0.0,0.0,0.0,0.0,0.0,0.0,0.0,0.0,0.0,0.0,0.0
TỔNG CỘNG TÀI SẢN,Total Assets,total_assets,1644988917003.0,1896145270619.0,2630937995356.0,2836077369160.0,2820789949939.0,3093116256726.0,3492864703563.0,3416121739232.0,3670404719647.0,3855045911906.0,3855603821299.0,4363138507063.0,4522025435352.0,4912742806708.0,4855590769754.0,5442852296189.0,5721356728459.0,5450446506187.0,5172570695558.0,5808290088435.0,5247725293096.0,5521076460656.0,5948617490879.0,6777326667380.0,6490355547791.0,7056540082451.0,5973915021470.0,6363556558123.0,6715687780348.0,6532435878133.0,6702625618165.0,7518675499825.0,6938304441743.0,8067197690591.0
NỢ PHẢI TRẢ,Liabilities,liabilities,1101348112345.0,1355384751079.0,2014576527053.0,2155677921273.0,2071968538389.0,2345182004847.0,2654383558562.0,2449914393788.0,2604243725367.0,2801423661614.0,2710542279558.0,3154061216429.0,3204784053195.0,3651914588010.0,3568617597074.0,4115689305410.0,4303985092152.0,3945769612056.0,3616949778592.0,4416771000383.0,3794272540211.0,3977032521198.0,4453543819249.0,5195831049454.0,4858454800827.0,5459197554665.0,4479845595795.0,4775100011952.0,5074415151594.0,4856365333882.0,4954535295281.0,5750465769030.0,5183474471739.0,5746285616679.0
Nợ ngắn hạn,Current liabilities,current_liabilities,1101215797465.0,1355242436199.0,2013949632173.0,2155515606393.0,2071826223509.0,2345049689967.0,2654251243682.0,2449722078908.0,2604051410487.0,2801231346734.0,2710409964678.0,3143192099359.0,3197582508172.0,3646429171569.0,3563875244924.0,4115022305410.0,4303318092152.0,3945002612056.0,3610256211592.0,4404560333883.0,3781511193111.0,3964441174098.0,4440972472149.0,5183174702354.0,4787109832520.0,5391644895908.0,4416215197488.0,4676144433818.0,4899559094722.0,4411580141987.0,4451548457724.0,5211678981607.0,4695672474935.0,5290508128420.0
Vay ngắn hạn,Short-term borrowings,short_term_borrowings,260785228430.0,328865189571.0,601180743972.0,399833560335.0,758336844129.0,854523691627.0,1232870405690.0,814931295569.0,1196040479717.0,896192589667.0,1000013426951.0,1084749613936.0,1022775298243.0,1270840201484.0,1204139260416.0,1166427633425.0,1325790948923.0,1282195665336.0,1318373297133.0,1296770636651.0,1344128843620.0,1452188828218.0,1469865249118.0,1711498542848.0,1833728551996.0,1888977304106.0,1720088244356.0,1375517858200.0,1473548246902.0,1181875007381.0,953947111736.0,1347951022687.0,1221466157840.0,1634562666151.0
Phải trả người bán,Trade accounts payable,trade_accounts_payable,69745611564.0,77858884157.0,321759525409.0,239590168805.0,155486353219.0,128065120302.0,202043805644.0,204546324293.0,196438140323.0,256510291424.0,275581593112.0,339133701297.0,377586342297.0,300968952545.0,285615602927.0,436321612281.0,265911138507.0,322269675036.0,295628706504.0,362042310018.0,446300727626.0,382562102102.0,365214961340.0,650792724457.0,347473788848.0,592579404580.0,458855470135.0,660902415331.0,486786102688.0,578200957019.0,630985692188.0,802451831218.0,785763105057.0,956519499834.0
Người mua trả tiền trước,Advances from customers,advances_from_customers,5296858943.0,3996393492.0,7161068081.0,4052259906.0,11531452249.0,19024104409.0,11524260248.0,21664453139.0,18050249556.0,21521429319.0,19637653811.0,3802792170.0,2796858244.0,3275239827.0,3177172499.0,8976690306.0,3367511687.0,3956203118.0,3297411249.0,3428741553.0,3962079847.0,3181014307.0,3759268801.0,17641306895.0,3780975793.0,17045694422.0,3583620071.0,3987739541.0,3639442171.0,21742890381.0,33219669702.0,30200108434.0,1970285524.0,2539878983.0
Thuế và các khoản phải trả Nhà nước,Taxes and other payable to State Budget,taxes_and_other_payable_to_state_budget,48072313651.0,51905213613.0,62492517289.0,81941823844.0,68286231161.0,83432525303.0,66342555602.0,56843600523.0,60492398439.0,111251680339.0,104363251071.0,53207556875.0,102163475125.0,62890058590.0,58316201666.0,85134062687.0,94640505296.0,75463477123.0,81593738514.0,83845844965.0,87372634774.0,208711755183.0,325741543619.0,119210079513.0,37879836593.0,94337457271.0,131468450137.0,122515531270.0,84479439608.0,163905393380.0,193104851891.0,168896231766.0,95156273378.0,88475128196.0
Phải trả người lao động,Payable to employees,payable_to_employees,262851469318.0,350255334549.0,411246859637.0,575843059686.0,245444617020.0,354661681194.0,453734461851.0,534482732740.0,179438920223.0,219144194576.0,162858335439.0,500384657695.0,233991846137.0,176171975918.0,219002356400.0,503585245615.0,276470583647.0,265964896279.0,276381178245.0,504429044687.0,392035516660.0,428564276392.0,453188515728.0,606553865194.0,302230780385.0,241946591754.0,266599920491.0,581595506372.0,393122245608.0,460093980121.0,399328706425.0,945423434939.0,426349218875.0,374426651218.0
Chi phí phải trả,Accrued expenses,accrued_expenses,62955116888.0,71506815362.0,78334243307.0,92565831590.0,156191630972.0,125843120101.0,149460417396.0,101708081167.0,128487010770.0,103321229039.0,229424276995.0,146235517817.0,173297884159.0,141838874417.0,159567570073.0,329716915006.0,579845067603.0,246338110410.0,222173151855.0,268485744248.0,268433356805.0,310729825782.0,354154040865.0,319452388113.0,481512673221.0,440289155940.0,497420013791.0,329879721788.0,536822174548.0,427770059474.0,496144789623.0,531807977171.0,527698362797.0,491622054887.0
Phải trả nội bộ,Intercompany payables,intercompany_payables,0.0,0.0,0.0,0.0,0.0,0.0,0.0,0.0,0.0,0.0,0.0,0.0,0.0,0.0,0.0,0.0,0.0,0.0,0.0,0.0,0.0,0.0,0.0,0.0,0.0,0.0,0.0,0.0,0.0,0.0,0.0,0.0,0.0,0.0
Phải trả về xây dựng cơ bản,Construction contract in progress payables,construction_contract_in_progress_payables,0.0,0.0,0.0,0.0,0.0,0.0,0.0,0.0,0.0,0.0,0.0,0.0,0.0,0.0,0.0,0.0,0.0,0.0,0.0,0.0,0.0,0.0,0.0,0.0,0.0,0.0,0.0,0.0,0.0,0.0,0.0,0.0,0.0,0.0
Phải trả khác,Other payables,other_payables,397245682909.0,480469143829.0,550489219551.0,747735832229.0,666114622903.0,763252641963.0,534259785154.0,685567246170.0,811092498183.0,1143427681338.0,896447904336.0,987167837680.0,1265896708844.0,1634141468865.0,1595986982254.0,1561351828260.0,1728140200694.0,1704520870714.0,1376547234941.0,1849294127844.0,1212560926058.0,1153602355048.0,1432328055842.0,1710462034367.0,1733343841057.0,2022431366504.0,1228654282500.0,1470158663520.0,1855616586952.0,1483057453797.0,1661956940910.0,1341369574379.0,1382499331888.0,1413867938556.0
Dự phòng các khoản phải trả ngắn hạn,Provision for ST liabilities,provision_for_st_liabilities,0.0,0.0,0.0,0.0,0.0,0.0,0.0,0.0,0.0,0.0,0.0,0.0,0.0,0.0,0.0,0.0,0.0,0.0,0.0,0.0,0.0,0.0,0.0,0.0,0.0,0.0,0.0,0.0,0.0,0.0,0.0,0.0,0.0,0.0
"Quỹ khen thưởng, phúc lợi",Bonus and welfare funds,bonus_and_welfare_funds,-8553381794.0,-15528886092.0,-20069848403.0,2376251479.0,5501806326.0,2393040614.0,-1825961824.0,15467479896.0,8948387145.0,30579859247.0,-2271002662.0,12178229949.0,10462994667.0,38636663587.0,-1367621153.0,8581443305.0,19107583673.0,23248413616.0,4758202745.0,1262127733.0,686531550.0,4809073275.0,3108293834.0,15412729687.0,4842148601.0,70583419917.0,67495782506.0,88645683721.0,4593036175.0,53419925758.0,18606960964.0,13768408915.0,3261628361.0,12167361147.0
Nợ dài hạn,Long-term liabilities,long_term_liabilities,132314880.0,142314880.0,626894880.0,162314880.0,142314880.0,132314880.0,132314880.0,192314880.0,192314880.0,192314880.0,132314880.0,10869117070.0,7201545023.0,5485416441.0,4742352150.0,667000000.0,667000000.0,767000000.0,6693567000.0,12210666500.0,12761347100.0,12591347100.0,12571347100.0,12656347100.0,71344968307.0,67552658757.0,63630398307.0,98955578134.0,174856056872.0,444785191895.0,502986837557.0,538786787423.0,487801996804.0,455777488259.0
Phải trả nhà cung cấp dài hạn,Long-term trade payables,long_term_trade_payables,0.0,0.0,0.0,0.0,0.0,0.0,0.0,0.0,0.0,0.0,0.0,0.0,0.0,0.0,0.0,0.0,0.0,0.0,0.0,0.0,0.0,0.0,0.0,0.0,0.0,0.0,0.0,0.0,0.0,0.0,0.0,0.0,0.0,0.0
Phải trả nội bộ dài hạn,Long-term intercompany payables,long_term_intercompany_payables,0.0,0.0,0.0,0.0,0.0,0.0,0.0,0.0,0.0,0.0,0.0,0.0,0.0,0.0,0.0,0.0,0.0,0.0,0.0,0.0,0.0,0.0,0.0,0.0,0.0,0.0,0.0,0.0,0.0,0.0,0.0,0.0,0.0,0.0
Phải trả dài hạn khác,Other long-term payables,other_long_term_payables,132314880.0,142314880.0,626894880.0,162314880.0,142314880.0,132314880.0,132314880.0,192314880.0,192314880.0,192314880.0,132314880.0,152314880.0,57000000.0,127000000.0,277000000.0,667000000.0,667000000.0,767000000.0,6693567000.0,12210666500.0,12761347100.0,12591347100.0,12571347100.0,12656347100.0,12656347100.0,12321347100.0,12291777100.0,26452964500.0,28067189500.0,21274905500.0,33498489500.0,35907925375.0,37597641987.0,60922352531.0
Vay dài hạn,Long-term borrowings,long_term_borrowings,0.0,0.0,0.0,0.0,0.0,0.0,0.0,0.0,0.0,0.0,0.0,10716802190.0,7144545023.0,5358416441.0,4465352150.0,0.0,0.0,0.0,0.0,0.0,0.0,0.0,0.0,0.0,58688621207.0,55013621207.0,51338621207.0,72502613634.0,146788867372.0,423510286395.0,469488348057.0,502878862048.0,450204354817.0,394855135728.0
Thuế thu nhập hoãn lại,Deferred income tax liabilities,deferred_income_tax_liabilities,0.0,0.0,0.0,0.0,0.0,0.0,0.0,0.0,0.0,0.0,0.0,0.0,0.0,0.0,0.0,0.0,0.0,0.0,0.0,0.0,0.0,0.0,0.0,0.0,0.0,0.0,0.0,0.0,0.0,0.0,0.0,0.0,0.0,0.0
Dự phòng trợ cấp thôi việc,Provision for severance allowances,provision_for_severance_allowances,0.0,0.0,0.0,0.0,0.0,0.0,0.0,0.0,0.0,0.0,0.0,0.0,0.0,0.0,0.0,0.0,0.0,0.0,0.0,0.0,0.0,0.0,0.0,0.0,0.0,0.0,0.0,0.0,0.0,0.0,0.0,0.0,0.0,0.0
Dự phòng các khoản nợ dài hạn,Provision for long-term liabilities,provision_for_long_term_liabilities,0.0,0.0,0.0,0.0,0.0,0.0,0.0,0.0,0.0,0.0,0.0,0.0,0.0,0.0,0.0,0.0,0.0,0.0,0.0,0.0,0.0,0.0,0.0,0.0,0.0,0.0,0.0,0.0,0.0,0.0,0.0,0.0,0.0,0.0
Doanh thu chưa thực hiện,Deferred revenue,deferred_revenue,0.0,0.0,0.0,0.0,0.0,0.0,0.0,0.0,0.0,0.0,0.0,0.0,0.0,0.0,0.0,0.0,0.0,0.0,0.0,0.0,0.0,0.0,0.0,0.0,0.0,217690450.0,0.0,0.0,0.0,0.0,0.0,0.0,0.0,0.0
Quỹ phát triển khoa học công nghệ,Technology-science development fund,technology_science_development_fund,0.0,0.0,0.0,0.0,0.0,0.0,0.0,0.0,0.0,0.0,0.0,0.0,0.0,0.0,0.0,0.0,0.0,0.0,0.0,0.0,0.0,0.0,0.0,0.0,0.0,0.0,0.0,0.0,0.0,0.0,0.0,0.0,0.0,0.0
Vốn chủ sở hữu,Owner's Equity,owners_equity,543640804658.0,540760519540.0,616361468303.0,680399447887.0,748821411550.0,747934251879.0,838481145001.0,966207345444.0,1066160994280.0,1053622250292.0,1145061541741.0,1209077290634.0,1317241382157.0,1260828218698.0,1286973172680.0,1327162990779.0,1417371636307.0,1504676894131.0,1555620916966.0,1391519088052.0,1453452752885.0,1544043939458.0,1495073671630.0,1581495617926.0,1631900746964.0,1597342527786.0,1494069425675.0,1588456546171.0,1641272628754.0,1676070544251.0,1748090322884.0,1768209730795.0,1754829970004.0,2320912073912.0
Vốn và các quỹ,Capital and reserves,capital_and_reserves,543640804658.0,540760519540.0,616361468303.0,680399447887.0,748821411550.0,747934251879.0,838481145001.0,966207345444.0,1066160994280.0,1053622250292.0,1145061541741.0,1209077290634.0,1317241382157.0,1260828218698.0,1286973172680.0,1327162990779.0,1417371636307.0,1504676894131.0,1555620916966.0,1391519088052.0,1453452752885.0,1544043939458.0,1495073671630.0,1581495617926.0,1631900746964.0,1597342527786.0,1494069425675.0,1588456546171.0,1641272628754.0,1676070544251.0,1748090322884.0,1768209730795.0,1754829970004.0,2320912073912.0
Vốn góp,Paid-in capital,paid_in_capital,296822740000.0,296822740000.0,413766490000.0,413766490000.0,413766490000.0,585059720000.0,585059720000.0,596192080000.0,596192080000.0,596192080000.0,830479260000.0,830479260000.0,830479260000.0,830479260000.0,1035584920000.0,1035584920000.0,1035584920000.0,1035584920000.0,1035584920000.0,1132172370000.0,1132172370000.0,1131740570000.0,1217830420000.0,1217830420000.0,1217830420000.0,1217830420000.0,1217830420000.0,1217830420000.0,1217830420000.0,1217830420000.0,1217830420000.0,1217830420000.0,1217830420000.0,1720298980000.0
Thặng dư vốn cổ phần,Share premium,share_premium,-184000000.0,-184000000.0,-184000000.0,-184000000.0,-184000000.0,-184000000.0,-184000000.0,22037447940.0,22037447940.0,22037447940.0,22037447940.0,22037447940.0,22037447940.0,22037447940.0,22037447940.0,22037447940.0,22037447940.0,22037447940.0,22037447940.0,22037447940.0,22037447940.0,21173847940.0,21173847940.0,21173847940.0,21173847940.0,21173847940.0,21173847940.0,21173847940.0,21173847940.0,21173847940.0,21173847940.0,21173847940.0,21173847940.0,20768747940.0
Vốn khác,Owner's other capital,owners_other_capital,0.0,0.0,0.0,0.0,0.0,0.0,0.0,0.0,0.0,0.0,0.0,0.0,0.0,0.0,0.0,0.0,0.0,0.0,0.0,0.0,0.0,0.0,0.0,0.0,0.0,0.0,0.0,0.0,0.0,0.0,0.0,0.0,0.0,0.0
Cổ phiếu quỹ,Treasury shares,treasury_shares,0.0,0.0,0.0,0.0,0.0,0.0,0.0,0.0,0.0,0.0,0.0,0.0,0.0,0.0,0.0,0.0,0.0,0.0,0.0,0.0,-1295400000.0,0.0,0.0,0.0,0.0,0.0,0.0,0.0,0.0,0.0,0.0,0.0,0.0,0.0
Chênh lệch đánh giá lại tài sản,Differences upon asset revaluation,differences_upon_asset_revaluation,0.0,0.0,0.0,0.0,0.0,0.0,0.0,0.0,0.0,0.0,0.0,0.0,0.0,0.0,0.0,0.0,0.0,0.0,0.0,0.0,0.0,0.0,0.0,0.0,0.0,0.0,0.0,0.0,0.0,0.0,0.0,0.0,0.0,0.0
Chênh lệch tỷ giá,Foreign exchange differences,foreign_exchange_differences,1174989453.0,871500671.0,240145420.0,122460220.0,398478657.0,461998938.0,282836260.0,619978431.0,1879608999.0,1743098399.0,2591430167.0,1551888493.0,1620036552.0,-1482400423.0,-4752862542.0,-2125721799.0,-3168222707.0,-3334055362.0,-4766638713.0,-4549464047.0,-5144397947.0,-5076634424.0,-4266793241.0,-4306524175.0,-3652425242.0,-2990440388.0,-4112957824.0,-4526456204.0,-3551071940.0,-1532391578.0,197242201.0,-1281066143.0,-1972546211.0,-2561956574.0
Quỹ đầu tư và phát triển,Investment and development funds,investment_and_development_funds,17252417756.0,17252417756.0,4920203786.0,0.0,4920203786.0,4920203786.0,4920203786.0,4920203786.0,4920203786.0,4920203786.0,4920203786.0,4920203786.0,4920203786.0,4920203786.0,4920203786.0,4920203786.0,4920203786.0,4920203786.0,4920203786.0,4920203786.0,4920203786.0,4920203786.0,4920203786.0,4920203786.0,4920203786.0,48406480518.0,48406480518.0,48406480518.0,48406480518.0,162610465039.0,162610465039.0,162610465039.0,162610465039.0,162610465039.0
Quỹ dự phòng tài chính,Financial reserve funds,financial_reserve_funds,0.0,0.0,0.0,0.0,0.0,0.0,0.0,0.0,0.0,0.0,0.0,0.0,0.0,0.0,0.0,0.0,0.0,0.0,0.0,0.0,0.0,0.0,0.0,0.0,0.0,0.0,0.0,0.0,0.0,0.0,0.0,0.0,0.0,0.0
Quỹ khác,Other funds,other_funds,0.0,0.0,0.0,0.0,0.0,0.0,0.0,0.0,0.0,0.0,0.0,0.0,0.0,0.0,0.0,0.0,0.0,0.0,0.0,0.0,0.0,0.0,0.0,0.0,0.0,0.0,0.0,0.0,0.0,0.0,0.0,0.0,0.0,0.0
Lãi chưa phân phối,Undistributed earnings,undistributed_earnings,228574657449.0,225997861113.0,197618629097.0,266694497667.0,329920239107.0,157676329155.0,248402384955.0,342437635287.0,441131653555.0,428729420167.0,285033199848.0,350088490415.0,458184433879.0,404873707395.0,229183463496.0,266746140852.0,357997287288.0,445468377767.0,497844983953.0,236938530373.0,300762529106.0,391285952156.0,255415993145.0,341877670375.0,391628700480.0,312922219716.0,210771635041.0,305572253917.0,357412952236.0,275988202850.0,346278347704.0,367876063959.0,355187783236.0,410152931977.0
Quỹ hỗ trợ sắp xếp doanh nghiệp,Enterprise arrangement fund,enterprise_arrangement_fund,0.0,0.0,0.0,0.0,0.0,0.0,0.0,0.0,0.0,0.0,0.0,0.0,0.0,0.0,0.0,0.0,0.0,0.0,0.0,0.0,0.0,0.0,0.0,0.0,0.0,0.0,0.0,0.0,0.0,0.0,0.0,0.0,0.0,0.0
Vốn Ngân sách nhà nước và quỹ khác,Budget sources and other funds,budget_sources_and_other_funds,0.0,0.0,0.0,0.0,0.0,0.0,0.0,0.0,0.0,0.0,0.0,0.0,0.0,0.0,0.0,0.0,0.0,0.0,0.0,0.0,0.0,0.0,0.0,0.0,0.0,0.0,0.0,0.0,0.0,0.0,0.0,0.0,0.0,0.0
"Quỹ khen thưởng, phúc lợi (trước 2010)",Bonus and welfare funds (Before 2010),bonus_and_welfare_funds_before_2010,0.0,0.0,0.0,0.0,0.0,0.0,0.0,0.0,0.0,0.0,0.0,0.0,0.0,0.0,0.0,0.0,0.0,0.0,0.0,0.0,0.0,0.0,0.0,0.0,0.0,0.0,0.0,0.0,0.0,0.0,0.0,0.0,0.0,0.0
Vốn ngân sách nhà nước và quỹ khác,Budget sources and other funds,budget_sources_and_other_funds,0.0,0.0,0.0,0.0,0.0,0.0,0.0,0.0,0.0,0.0,0.0,0.0,0.0,0.0,0.0,0.0,0.0,0.0,0.0,0.0,0.0,0.0,0.0,0.0,0.0,0.0,0.0,0.0,0.0,0.0,0.0,0.0,0.0,0.0
Lợi ích của cổ đông thiểu số,Minority interests (Before 2015),minority_interests_before_2015,0.0,0.0,0.0,0.0,0.0,0.0,0.0,0.0,0.0,0.0,0.0,0.0,0.0,0.0,0.0,0.0,0.0,0.0,0.0,0.0,0.0,0.0,0.0,0.0,0.0,0.0,0.0,0.0,0.0,0.0,0.0,0.0,0.0,0.0
Tổng cộng nguồn vốn,Total resource,total_resource,1644988917003.0,1896145270619.0,2630937995356.0,2836077369160.0,2820789949939.0,3093116256726.0,3492864703563.0,3416121739232.0,3670404719647.0,3855045911906.0,3855603821299.0,4363138507063.0,4522025435352.0,4912742806708.0,4855590769754.0,5442852296189.0,5721356728459.0,5450446506187.0,5172570695558.0,5808290088435.0,5247725293096.0,5521076460656.0,5948617490879.0,6777326667380.0,6490355547791.0,7056540082451.0,5973915021470.0,6363556558123.0,6715687780348.0,6532435878133.0,6702625618165.0,7518675499825.0,6938304441743.0,8067197690591.0
Cổ phiếu ưu đãi,Preferred shares,preferred_shares,,,,,,,,,,,,,,,,,,,,,,,,,,,,,,,,,,
Đầu tư nắm giữ đến ngày đáo hạn,Held-to-maturity investment,held_to_maturity_investment,401144000000.0,572522888889.0,799710000000.0,854340000000.0,1210412840411.0,1304567090411.0,1279905244722.0,1233360154311.0,1293212694738.0,1455907070688.0,1392873989970.0,1572305737355.0,1492305737355.0,1478595756604.0,1709165091437.0,1900794861799.0,1902277009826.0,1844541823599.0,1853994119373.0,1856128354299.0,1896128354299.0,2047098027387.0,2000053675594.0,1707941757205.0,1597941757205.0,1491633307205.0,1535953972487.0,1430476324460.0,1347236818992.0,1570680385974.0,1673838137221.0,2092526396344.0,1840364881332.0,1192830927815.0
Vốn kinh doanh ở các đơn vị trực thuộc,Paid-in capital in wholly-owned subsidiaries,paid_in_capital_in_wholly_owned_subsidiaries,0.0,0.0,0.0,0.0,0.0,0.0,0.0,0.0,0.0,0.0,0.0,0.0,0.0,0.0,0.0,0.0,0.0,0.0,0.0,0.0,0.0,0.0,0.0,0.0,0.0,0.0,0.0,0.0,0.0,0.0,0.0,0.0,0.0,0.0
Tài sản thiếu cần xử lý,Shortage of current assets waiting for solution,shortage_of_current_assets_waiting_for_solution,264234510.0,266140650.0,196407418.0,206857358.0,1280689130.0,188810406.0,90304389.0,191362791.0,536641727.0,929307259.0,1306626080.0,785805476.0,679274515.0,0.0,0.0,0.0,2379471800.0,3417721778.0,3417721778.0,0.0,0.0,0.0,0.0,0.0,0.0,0.0,0.0,0.0,0.0,0.0,0.0,0.0,0.0,0.0
Phải thu cho vay ngắn hạn,Short-term loans receivables,short_term_loans_receivables,0.0,0.0,0.0,0.0,0.0,0.0,0.0,0.0,0.0,0.0,0.0,0.0,0.0,0.0,0.0,0.0,0.0,0.0,0.0,0.0,0.0,0.0,0.0,0.0,0.0,0.0,0.0,0.0,0.0,0.0,0.0,0.0,0.0,0.0
Giao dịch mua bán lại trái phiếu Chính phủ,Government bonds purchased for resale,government_bonds_purchased_for_resale,0.0,0.0,0.0,0.0,0.0,0.0,0.0,0.0,0.0,0.0,0.0,0.0,0.0,0.0,0.0,0.0,0.0,0.0,0.0,0.0,0.0,0.0,0.0,0.0,0.0,0.0,0.0,0.0,0.0,0.0,0.0,0.0,0.0,0.0
Trả trước người bán dài hạn,Long-term prepayments to suppliers,long_term_prepayments_to_suppliers,0.0,0.0,0.0,0.0,0.0,0.0,0.0,0.0,0.0,0.0,0.0,0.0,0.0,0.0,0.0,0.0,0.0,0.0,0.0,0.0,0.0,0.0,0.0,0.0,0.0,0.0,0.0,0.0,0.0,0.0,0.0,0.0,250000000.0,250000000.0
Phải thu cho vay dài hạn,Long-term loans receivables,long_term_loans_receivables,0.0,0.0,0.0,0.0,0.0,0.0,0.0,0.0,0.0,0.0,0.0,0.0,0.0,0.0,0.0,0.0,0.0,0.0,0.0,0.0,0.0,0.0,0.0,0.0,0.0,0.0,0.0,0.0,0.0,0.0,0.0,0.0,0.0,0.0
Tài sản dở dang dài hạn,Long-term incomplete assets,long_term_incomplete_assets,478138385.0,478138385.0,643138385.0,13746280485.0,11114970485.0,11094745030.0,11691145030.0,11340452630.0,11418554398.0,11384879483.0,59394173487.0,57823764418.0,11558642876.0,11569740419.0,12705111984.0,9746329054.0,33639164823.0,10455741888.0,11937989766.0,9756429190.0,9736876370.0,9739570790.0,17682521642.0,78056649803.0,83795725710.0,70348074593.0,26643858426.0,75029511026.0,66733373397.0,58017308397.0,57344524229.0,41584995680.0,66174874611.0,109929364093.0
"Chi phí sản xuất, kinh doanh dở dang dài hạn",Long-term cost of work in progress,long_term_cost_of_work_in_progress,0.0,0.0,0.0,0.0,0.0,0.0,0.0,0.0,0.0,0.0,0.0,0.0,0.0,0.0,0.0,0.0,0.0,0.0,0.0,0.0,0.0,0.0,0.0,0.0,0.0,0.0,0.0,0.0,0.0,0.0,0.0,0.0,0.0,0.0
Đầu tư nắm giữ đến ngày đáo hạn,Held-to-maturity investment,held_to_maturity_investment,7000000000.0,7000000000.0,207000000000.0,207000000000.0,0.0,54000000000.0,130000000000.0,91482148027.0,67492675950.0,0.0,130000000000.0,0.0,80000000000.0,194000000000.0,64000000000.0,41482148027.0,34000000000.0,150000000000.0,144000000000.0,140000000000.0,100000000000.0,9305802518.0,55000000000.0,74000000000.0,84000000000.0,65000000000.0,0.0,30000000000.0,30000000000.0,0.0,0.0,0.0,0.0,0.0
"Thiết bị, vật tư, phụ tùng thay thế dài hạn","Long-term equipment, material and spare parts",long_term_equipment_material_and_spare_parts,0.0,0.0,0.0,0.0,0.0,0.0,0.0,0.0,0.0,0.0,0.0,0.0,0.0,0.0,0.0,0.0,0.0,0.0,0.0,0.0,0.0,0.0,0.0,0.0,0.0,0.0,0.0,0.0,0.0,0.0,0.0,0.0,0.0,0.0
Doanh thu chưa thực hiện ngắn hạn,Short-term unrealized revenue,short_term_unrealized_revenue,2816897556.0,5914347718.0,1355303330.0,11576818519.0,4932665530.0,13853764454.0,5841513921.0,14510865411.0,5063326131.0,19282391785.0,24354525625.0,16332191940.0,8611100456.0,17665736336.0,39437719842.0,14926874525.0,10044552122.0,21045300424.0,31503290406.0,35001756184.0,26030576171.0,20091943791.0,33612543002.0,32151031280.0,42317236026.0,23454501414.0,42049413501.0,42941314075.0,60951820070.0,41514474676.0,64253734285.0,29810392098.0,250182737503.0,315001575736.0
Quỹ bình ổn giá,Price stabilization fund,price_stabilization_fund,0.0,0.0,0.0,0.0,0.0,0.0,0.0,0.0,0.0,0.0,0.0,0.0,0.0,0.0,0.0,0.0,0.0,0.0,0.0,0.0,0.0,0.0,0.0,0.0,0.0,0.0,0.0,0.0,0.0,0.0,0.0,0.0,0.0,0.0
Giao dịch mua bán lại trái phiếu chính phủ,Government bonds purchased for resale,government_bonds_purchased_for_resale,0.0,0.0,0.0,0.0,0.0,0.0,0.0,0.0,0.0,0.0,0.0,0.0,0.0,0.0,0.0,0.0,0.0,0.0,0.0,0.0,0.0,0.0,0.0,0.0,0.0,0.0,0.0,0.0,0.0,0.0,0.0,0.0,0.0,0.0
Người mua trả tiền trước dài hạn,Long-term advances from customers,long_term_advances_from_customers,0.0,0.0,0.0,0.0,0.0,0.0,0.0,0.0,0.0,0.0,0.0,0.0,0.0,0.0,0.0,0.0,0.0,0.0,0.0,0.0,0.0,0.0,0.0,0.0,0.0,0.0,0.0,0.0,0.0,0.0,0.0,0.0,0.0,0.0
Chi phí phải trả dài hạn,Long-term accrued expenses,long_term_accrued_expenses,0.0,0.0,0.0,0.0,0.0,0.0,0.0,0.0,0.0,0.0,0.0,0.0,0.0,0.0,0.0,0.0,0.0,0.0,0.0,0.0,0.0,0.0,0.0,0.0,0.0,0.0,0.0,0.0,0.0,0.0,0.0,0.0,0.0,0.0
Phải trả nội bộ về vốn kinh doanh,Intra-company payables for operating capital received,intra_company_payables_for_operating_capital_received,0.0,0.0,0.0,0.0,0.0,0.0,0.0,0.0,0.0,0.0,0.0,0.0,0.0,0.0,0.0,0.0,0.0,0.0,0.0,0.0,0.0,0.0,0.0,0.0,0.0,0.0,0.0,0.0,0.0,0.0,0.0,0.0,0.0,0.0
Trái phiếu chuyển đổi,Convertible bonds,convertible_bonds,0.0,0.0,0.0,0.0,0.0,0.0,0.0,0.0,0.0,0.0,0.0,0.0,0.0,0.0,0.0,0.0,0.0,0.0,0.0,0.0,0.0,0.0,0.0,0.0,0.0,0.0,0.0,0.0,0.0,0.0,0.0,0.0,0.0,0.0
Cổ phiếu ưu đãi,Preferred shares,preferred_shares,0.0,0.0,0.0,0.0,0.0,0.0,0.0,0.0,0.0,0.0,0.0,0.0,0.0,0.0,0.0,0.0,0.0,0.0,0.0,0.0,0.0,0.0,0.0,0.0,0.0,0.0,0.0,0.0,0.0,0.0,0.0,0.0,0.0,0.0
Cổ phiếu phổ thông,Common shares,common_shares,296822740000.0,296822740000.0,413766490000.0,413766490000.0,413766490000.0,585059720000.0,585059720000.0,596192080000.0,596192080000.0,596192080000.0,830479260000.0,830479260000.0,830479260000.0,830479260000.0,1035584920000.0,1035584920000.0,1035584920000.0,1035584920000.0,1035584920000.0,1132172370000.0,1132172370000.0,1131740570000.0,1217830420000.0,1217830420000.0,1217830420000.0,1217830420000.0,1217830420000.0,1217830420000.0,1217830420000.0,1217830420000.0,1217830420000.0,1217830420000.0,1217830420000.0,1720298980000.0
Quyền chọn chuyển đổi trái phiếu,Conversion options on convertible bonds,conversion_options_on_convertible_bonds,0.0,0.0,0.0,0.0,0.0,0.0,0.0,0.0,0.0,0.0,0.0,0.0,0.0,0.0,0.0,0.0,0.0,0.0,0.0,0.0,0.0,0.0,0.0,0.0,0.0,0.0,0.0,0.0,0.0,0.0,0.0,0.0,0.0,0.0
LNST chưa phân phối lũy kế đến cuối kỳ trước,Beginning accumulated undistributed earnings,beginning_accumulated_undistributed_earnings,174615950293.0,109046183659.0,4434647629.0,9354851414.0,260680024519.0,9413174017.0,9413174017.0,9413174017.0,344185704843.0,245995070469.0,11707890469.0,12452573175.0,349608473004.0,216484710677.0,11379050677.0,8155235797.0,266301117891.0,266301117891.0,266284209813.0,14359021813.0,235765190469.0,235755963043.0,19463352910.0,18592683197.0,341597975813.0,202578797570.0,19904234570.0,16906198415.0,305563888734.0,150951194948.0,150951194948.0,19312091728.0,324129034168.0,322629034169.0
LNST chưa phân phối kỳ này,Current period undistributed earnings,current_period_undistributed_earnings,53958707156.0,116951677454.0,193183981468.0,257339646253.0,69240214588.0,148263155138.0,238989210938.0,333024461270.0,96945948712.0,182734349698.0,273325309379.0,337635917240.0,108575960875.0,188388996718.0,217804412819.0,258590905055.0,91696169397.0,179167259876.0,231560774140.0,222579508560.0,64997338637.0,155529989113.0,235952640235.0,323284987178.0,50030724667.0,110343422146.0,190867400471.0,288666055502.0,51849063502.0,125037007902.0,195327152756.0,348563972231.0,31058749068.0,87523897808.0
Xây dựng cơ bản đang dở dang,Construction in progress,construction_in_progress,478138385.0,478138385.0,643138385.0,13746280485.0,11114970485.0,11094745030.0,11691145030.0,11340452630.0,11418554398.0,11384879483.0,59394173487.0,57823764418.0,11558642876.0,11569740419.0,12705111984.0,9746329054.0,33639164823.0,10455741888.0,11937989766.0,9756429190.0,9736876370.0,9739570790.0,17682521642.0,78056649803.0,83795725710.0,70348074593.0,26643858426.0,75029511026.0,66733373397.0,58017308397.0,57344524229.0,41584995680.0,66174874611.0,109929364093.0
Lợi thế thương mại,Goodwill,goodwill,0.0,0.0,0.0,0.0,0.0,0.0,0.0,0.0,0.0,0.0,0.0,0.0,0.0,0.0,0.0,0.0,0.0,0.0,0.0,0.0,0.0,0.0,0.0,0.0,0.0,0.0,0.0,0.0,0.0,0.0,0.0,0.0,0.0,0.0
Lợi ích cổ đông không kiểm soát,Minority interests,minority_interests,0.0,0.0,0.0,0.0,0.0,0.0,0.0,0.0,0.0,0.0,0.0,0.0,0.0,0.0,0.0,0.0,0.0,0.0,0.0,0.0,0.0,0.0,0.0,0.0,0.0,0.0,0.0,0.0,0.0,0.0,0.0,0.0,0.0,9642905530.0
Nguồn kinh phí đã hình thành TSCĐ,Funds used for fixed asset acquisitions,funds_used_for_fixed_asset_acquisitions,0.0,0.0,0.0,0.0,0.0,0.0,0.0,0.0,0.0,0.0,0.0,0.0,0.0,0.0,0.0,0.0,0.0,0.0,0.0,0.0,0.0,0.0,0.0,0.0,0.0,0.0,0.0,0.0,0.0,0.0,0.0,0.0,0.0,0.0
